,id,uptime,ifans,gender,num_fans,fans_cat,num_videos,num_charge,av_coin,av_danmu,av_star,av_like,av_play,av_comment,av_share
0,376874873,2167,3.32,1,76800,0,157,30,2411,201,5770,11800,185700,337,3796
1,284906814,2180,4.98,1,85300,0,100,32,1787,259,12000,27599,182300,521,2984
2,1616728,1267,3.74,1,98100,0,96,164,1056,3918,6177,2964,47300,219,229
3,1791122,2114,3.99,0,50000,0,396,83,770,126,1373,3196,80500,170,1451
4,31425423,2182,3.77,0,49700,0,120,68,2678,402,5601,22100,357900,520,3628
5,131111,1729,3.46,0,91900,0,31,1010,28100,6590,45000,29300,581200,1580,6607
6,490002276,2179,5.91,0,97899,0,74,0,4282,243,20800,136400,1412000,1119,19100
7,2067160,2185,7.93,1,100000,0,321,172,2848,345,5893,11500,76400,329,1139
8,7287761,2180,3.49,1,54400,0,539,86,43,1,568,517,2526,25,4
9,509281735,2184,3.58,0,64100,0,165,7,45,37,567,481,72500,44,5
10,1803963357,2185,5.53,1,93200,0,182,0,54,97,727,450,17600,66,57
11,34510865,2156,3.42,0,82800,0,69,102,1713,261,3616,11299,108800,256,1490
12,6068793,2159,4.6,0,94300,0,2533,1284,3,0,1,87,1468,16,4
13,248374275,2185,7.35,1,55599,0,4905,0,0,0,1,18,340,1,0
14,305247796,2180,4.25,0,9421,0,54,1,564,172,18200,2010,1183400,67,15
15,23068286,2001,3.59,0,19000,0,15,1,58,107,237,320,21300,11,54
16,2185171,2041,4.77,1,79900,0,4821,59,12,4,72,212,4005,23,7
17,90582650,2179,9.03,0,57699,0,220,5075,4765,55,403,9256,41300,131,21
18,84975668,2154,4.78,1,66600,0,156,151,1538,238,1181,11500,149400,112,97
19,403486669,1832,4.72,0,21400,0,83,4547,512,119,286,546,13100,122,7
20,342646,2116,3.48,0,87100,0,607,2033,498,96,152,685,12800,53,10
21,23973917,2186,6.28,0,81000,0,552,5031,153,36,20,349,3872,35,6
22,6335523,2185,4.26,0,96500,0,2435,165,78,22,136,843,3236,35,20
23,32873498,2179,3.45,0,74400,0,1834,1900,602,608,377,843,34000,120,37
24,301337189,2120,4.2,0,78800,0,338,1910,43,6,12,295,3388,20,2
25,319234990,2186,3.76,0,26300,0,258,26,302,46,1671,6840,30400,51,87
26,88002428,2166,6.42,1,37000,0,396,48,127,301,1488,11200,394400,263,229
27,452947569,2183,3.39,1,80200,0,338,11,33,37,266,442,70000,34,37
28,361412,2182,4.01,0,79100,0,269,411,1150,199,1649,5683,74400,129,909
29,598637861,2181,4.49,0,30500,0,46,4185,1406,50,99,1125,4674,52,11
30,6636705,2182,3.67,0,79900,0,227,76,975,90,1763,4558,33000,189,491
31,16583644,2187,3.5,0,91800,0,667,83,4,69,32,494,18900,57,25
32,201464873,2185,6.57,1,71200,0,348,12,16,8,174,560,7901,18,205
33,2933837,2181,4.61,0,88400,0,1410,1735,278,141,53,908,14800,62,14
34,13556335,2134,3.77,0,76300,0,40,181,25900,830,33200,56600,766300,531,3406
35,28264509,1975,4.86,0,85600,0,578,595,356,13,2463,2208,13400,100,25
36,10898609,2185,3.4,1,29000,0,212,34,1744,470,7143,18100,339600,261,1168
37,15645973,2182,5.98,1,70400,0,351,218,455,202,2839,6858,153500,195,611
38,12319573,1556,3.75,0,51400,0,45,18,1161,110,3347,17900,297900,126,1349
39,440547139,1650,4.18,0,88900,0,106,2070,1175,33,175,1542,10000,62,14
40,173664106,1423,3.85,1,67000,0,72,13,17,11,49,106,2729,12,10
41,413109459,2186,3.8,0,89900,0,1272,836,136,61,42,1349,18100,74,12
42,288574164,2180,7.35,1,56500,0,93,12,1899,417,6579,19900,324300,570,2096
43,23932539,2180,5.8,1,81199,0,59,0,237,20,3967,3370,172700,42,29
44,508093155,2186,4.07,1,47300,0,655,3087,438,706,268,2016,11000,114,12
45,2455539,2182,4.51,0,62200,0,513,104,31,2,386,486,2171,23,4
46,1980584,2186,3.33,1,80399,0,1940,1175,13,37,22,388,30299,71,161
47,31105676,2182,3.5,0,56900,0,7199,33,1,2,21,70,2959,4,1
48,62880505,2182,6.16,0,73700,0,3006,0,50,17,598,677,6292,37,197
49,2025332,2183,3.44,0,95000,0,1612,172,41,33,94,270,7800,30,13
50,272712181,2183,7.1,1,70500,0,344,45,345,188,3729,7779,236500,196,286
51,522159107,2099,4.09,1,91100,0,22,5,5,1,34,204,2063,4,1
52,7574032,2102,3.54,0,93000,0,839,70,25,10,42,186,2912,28,6
53,173583326,2111,4.06,1,87700,0,133,568,1054,30,1780,3314,25500,137,94
54,34232005,1886,6.21,0,58900,0,32,0,2,1,2,57,3624,9,0
55,1478650,1789,3.61,1,43000,0,586,0,1041,117,4597,4296,39600,109,328
56,21780680,1447,3.42,0,98200,0,323,1747,345,131,74,1025,15000,121,24
57,2010376850,2186,3.95,0,36300,0,232,0,55,12,1235,2834,40599,29,22
58,342713734,2185,7.17,0,88200,0,1503,4328,685,110,44,1498,17000,117,6
59,3479163,2185,3.78,0,63300,0,1832,1723,19,21,33,354,6555,22,5
60,550532631,2175,3.36,1,70300,0,136,49,180,280,1140,2468,53099,193,423
61,7723009,2175,3.98,1,82600,0,184,165,60,10,47,292,2904,30,7
62,8544715,1985,5.78,0,82300,0,80,31,2461,338,3524,12000,214500,204,1003
63,6725694,2186,3.87,0,87500,0,1354,46,95,206,98,568,8916,75,3
64,16093833,2185,7.25,0,85600,0,4414,0,11,3,178,202,1478,8,16
65,374197334,2179,4.12,0,70500,0,102,11,40,137,416,2179,99500,78,95
66,406495482,2111,4.28,0,49100,0,60,385,2236,479,5723,5911,135700,190,214
67,398551493,2185,3.51,0,26100,0,753,3,17,7,185,101,7263,2,0
68,477783,2181,3.59,1,85500,0,246,64,16299,490,12400,54500,352299,467,3956
69,11192010,2185,3.58,0,88800,0,141,82,7346,661,12200,47100,313100,282,2070
70,352942315,2181,4.3,0,39200,0,184,0,16,0,1814,410,93800,3,0
71,403425503,2186,4.77,0,53099,0,231,1,1142,78,6056,27200,213100,271,4065
72,353853271,1981,8.09,0,64300,0,510,21,19,2,120,364,9237,26,105
73,17510830,2138,3.53,0,83300,0,72,202,1534,127,2187,7223,125500,169,1284
74,188858285,1951,3.63,1,29800,0,3478,0,43,9,411,373,9686,29,25
75,484404597,2186,3.44,0,21100,0,1164,0,58,58,908,11700,93200,194,419
76,560587366,2186,7.23,1,91400,0,381,14,12,8,604,117,67800,10,2
77,22908352,1035,3.42,0,56700,0,8,248,90100,5560,70400,86300,1068900,1413,18900
78,513775499,2180,3.42,1,56300,0,565,0,34,15,502,2398,20000,31,10
79,161709873,2184,3.6,1,38000,0,599,0,13,16,1431,812,51800,7,16
80,343258976,2031,6.81,0,46700,0,2328,15,4,8,53,385,20099,36,256
81,3340021,2183,3.9,0,92400,0,255,176,95,69,101,1113,45500,287,524
82,4113629,2045,3.83,1,82600,0,121,435,6846,2221,9761,11700,140800,789,3539
83,19483949,2181,3.49,0,56400,0,44,18,800,84,2133,5649,57600,113,247
84,5551,2186,4.24,0,57500,0,5032,148,4,0,43,48,421,1,7
85,11401760,2132,5.61,1,96199,0,2036,0,3,17,56,112,1522,10,9
86,63916770,2186,3.45,0,93300,0,604,1610,958,359,191,1359,14200,118,8
87,7108746,2186,3.57,0,86700,0,1250,48,9,46,116,796,21500,72,34
88,101976587,1965,3.83,1,61500,0,906,32,163,81,579,925,9108,66,83
89,14934648,2173,6.78,0,71400,0,67,259,1697,163,2778,3519,75900,246,140
90,210181580,2121,4.31,0,62400,0,32,122,22,15,90,726,6206,11,7
91,18612521,2104,3.87,0,75600,0,55,103,3267,355,6870,13400,229400,284,675
92,57904415,2186,3.41,1,51100,0,1204,73,369,44,533,1630,15000,66,45
93,12840018,1382,3.5,0,42200,0,100,2501,2469,886,578,3564,24700,555,48
94,1530628534,2181,4.64,0,98699,0,64,52,17400,1626,24800,22200,317100,1549,2242
95,291318137,2185,4.11,1,58200,0,132,24,31,97,125,979,79200,38,11
96,35239580,2140,4.49,0,97300,0,225,69,511,167,2215,12500,174100,197,650
97,612762663,2180,3.37,1,68800,0,416,2236,521,14,49,562,4011,38,8
98,178135921,1323,4.25,0,84000,0,21,92,351,111,318,1191,36300,219,78
99,397644480,2186,5.04,1,74500,0,849,2,1,2,11,98,3845,2,6
100,1338449,1223,3.7,0,91400,0,833,53,13,22,44,237,15100,50,267
101,298254767,2178,5.19,0,62800,0,32,45,17000,731,39900,68400,410600,577,3223
102,10860396,2183,3.37,1,99400,0,2642,645,221,272,152,1375,38800,126,196
103,649745631,2184,3.43,1,21200,0,134,0,47,3,1889,433,23000,10,4
104,52778155,2186,3.93,0,99700,0,182,1906,69,29,15,168,2890,14,11
105,3792124,1282,3.33,0,90000,0,36,204,1050,357,772,1165,55800,833,377
106,8860148,1330,3.34,0,56800,0,92,142,89500,4242,48400,141800,1695900,1096,16400
107,177260548,2179,6.93,0,98400,0,260,14,303,68,3890,15300,156400,176,453
108,17873487,1309,3.7,0,84400,0,1,53,127,90,63,399,14100,117,19
109,675522076,2186,3.82,1,68700,0,994,12,0,1,1,12,140,0,0
110,473736720,2182,3.55,0,61400,0,248,28,33,0,1707,407,261300,2,0
111,3460558,2118,3.55,0,76300,0,69,400,568,41,629,3181,52200,87,278
112,2062760,2187,3.63,0,71700,0,54700,1195,0,0,0,10,122,0,1
113,1734350083,2183,3.32,0,71900,0,140,23,87,32,890,771,54200,31,9
114,75014708,2186,3.82,0,77300,0,46,51,30,29,144,810,16400,25,81
115,1213505083,2185,3.88,0,36300,0,361,1,9,6,288,2071,52699,24,22
116,12648068,2186,13.01,0,81199,0,2442,9745,188,43,24,374,1125,58,6
117,19667124,2145,3.89,0,92100,0,225,98,65000,2847,53800,94100,1037700,773,5798
118,545540716,2180,4.72,0,60400,0,363,0,78,14,556,4365,36500,67,114
119,38666655,2131,3.39,1,68500,0,109,96,1177,206,1192,2722,17400,125,144
120,444867457,2186,6.83,1,72500,0,815,4,9,15,487,1114,26800,20,11
121,322032202,1705,4.12,0,89700,0,89,18,1037,294,2835,3823,97600,146,277
122,1446209135,2186,3.42,0,84900,0,349,7,13,42,22,374,5110,23,6
123,32228699,2185,3.42,0,63000,0,326,2334,399,244,224,2441,37800,90,193
124,5374546,2147,5.14,0,96900,0,304,3774,127,19,86,679,23100,73,35
125,41130694,2183,5.74,0,67200,0,189,2,80,31,2680,5135,280200,66,159
126,25813,2186,4.15,0,77900,0,672,2359,999,338,219,1473,19700,83,56
127,173492116,974,5.0,0,47100,0,2,0,51800,21900,96800,162500,7937600,17500,85600
128,131379521,2091,4.52,0,53600,0,198,73,701,114,1265,6371,68800,136,402
129,200649168,2147,4.36,1,37400,0,437,11,106,98,468,4057,69500,121,27
130,14478936,2095,4.85,0,88500,0,1927,2349,178,164,33,640,18000,78,23
131,352568893,2186,3.67,1,87600,0,293,2,116,106,1071,11200,92300,40,649
132,27743951,486,3.52,0,74800,0,640,0,11,5,57,61,2306,10,24
133,3590116,2069,3.36,0,86700,0,49,70,7403,1081,11900,55400,644400,573,2755
134,497328308,2171,3.44,0,25600,0,116,0,22,4,1072,292,81900,3,4
135,16573314,2112,5.58,0,51700,0,337,4506,144,75,60,1100,23300,70,57
136,524037255,2156,4.0,0,54400,0,152,1,250,193,1315,15400,182500,576,349
137,9867595,2012,3.33,1,63700,0,42,134,5554,1200,6816,7881,65500,422,967
138,547140757,2184,5.27,1,66300,0,1731,0,187,25,1246,8252,102100,99,1375
139,319281671,2182,3.58,1,89600,0,198,137,141,5,2285,3057,15500,56,51
140,74184546,2186,5.57,0,90100,0,172,108,1271,76,3300,8862,83300,94,153
141,430294814,2185,4.48,0,61400,0,619,56,32,6,922,324,90600,24,1
142,25215790,2186,3.41,0,60599,0,605,1368,719,431,70,1877,15700,104,26
143,1561008,1152,3.5,1,82800,0,12,223,37700,6427,57699,27400,2247600,2183,13400
144,427203729,1476,3.91,1,39700,0,244,0,64,39,159,717,4048,46,29
145,83785129,2137,4.11,0,59400,0,20,93,8050,284,9459,21900,185000,219,883
146,14787891,2086,5.5,1,59600,0,1965,0,28,76,362,653,13400,36,17
147,42602110,2039,7.63,0,92000,0,221,5831,3483,192,380,4593,24000,272,21
148,10981365,1092,3.93,1,36900,0,2160,53,59,44,356,357,7583,42,64
149,263573738,2143,4.34,1,52900,0,104,0,1455,131,3766,24400,282600,109,2835
150,287535222,2186,11.43,0,56500,0,679,12,21,12,403,2305,45800,79,540
151,397431948,1888,3.73,0,73100,0,23,22,304,195,1265,2899,184300,167,1216
152,14043628,1092,5.02,0,97700,0,177,267,3014,417,2129,5931,104200,414,644
153,2868671,2166,3.78,0,77700,0,96,61,410,136,1918,5213,120900,139,80
154,30946449,2185,4.72,0,83500,0,217,51,208,37,2275,6354,27300,72,205
155,349208226,2172,3.94,0,73800,0,57,72,3396,326,6706,14800,266900,221,3899
156,29187699,2185,5.01,0,70100,0,466,2736,299,314,332,2346,14800,137,10
157,15618582,2070,7.43,1,76600,0,918,0,89,26,952,2593,23300,85,64
158,20201784,2174,7.46,1,77700,0,5744,24,25,20,159,390,5948,27,35
159,494007318,2186,3.86,1,11700,0,1889,0,14,3,178,1154,15100,55,197
160,78785,2186,3.55,1,86300,0,3223,0,15,3,146,295,2331,15,20
161,99906730,2186,3.78,1,73800,0,1161,44,37,7,137,6697,92899,50,29
162,326121578,2186,6.34,0,59800,0,5067,4,0,0,1,20,169,1,1
163,156710,2186,4.02,0,82000,0,15600,143,1,2,6,62,2464,28,3
164,594609,2186,4.44,0,79900,0,1089,3472,5,0,13,100,593,4,0
165,292012051,2055,4.42,1,8889,0,374,0,13,13,1012,1212,13100,53,34
166,1813661316,2093,3.73,0,26400,0,133,0,5,0,5,73,541,3,0
167,11310995,1960,3.37,1,29900,0,182,0,964,303,18500,20400,226400,509,1632
168,2394557,2013,8.4,1,77600,0,4074,10,31,7,138,541,4823,16,38
169,15403799,2079,3.54,1,76600,0,377,28,111,44,798,958,32700,51,570
170,35654800,2171,3.44,1,38700,0,151,18,20600,1865,12400,44100,498300,2015,11000
171,402223446,2184,8.3,0,89300,0,2441,5433,249,3,18,322,993,12,1
172,95511972,2156,6.74,0,79400,0,3370,10,1,24,28,108,11600,56,189
173,593641124,2185,3.91,0,19200,0,344,3,41,6,3148,630,34600,10,6
174,270386449,2186,4.0,1,44800,0,1002,20,6,0,258,65,42600,5,0
175,61844709,2186,8.24,0,97700,0,682,6673,46,125,72,744,24100,76,96
176,935899,2044,3.56,0,79300,0,80,716,2558,95,3137,6222,51600,312,297
177,281353084,1933,3.53,0,81000,0,93,181,53,42,58,715,4248,35,16
178,434967552,2187,7.75,1,38200,0,2755,1,2,0,14,96,4580,20,25
179,386873061,2176,4.31,1,24300,0,222,9,460,133,2412,6477,185000,193,853
180,245050,1473,4.37,0,89300,0,752,109,31,11,145,222,7018,57,11
181,588672566,2094,4.06,1,46400,0,192,15,12,1,45,172,9561,9,1
182,46733369,1732,4.44,0,77800,0,42,107,1073,2696,640,3245,61100,130,668
183,421600116,2181,9.27,0,48700,0,579,0,0,0,8,41,1890,1,3
184,23709891,2179,5.99,0,99300,0,92,59,2288,336,7256,21800,140000,212,1373
185,40272185,1661,3.65,1,44500,0,487,599,95,0,461,187,11299,43,26
186,39065580,2098,3.6,1,26600,0,380,13,3425,1302,4241,10200,208200,578,820
187,16364623,2185,8.42,0,91300,0,968,3869,1498,695,345,3479,65800,156,66
188,490770956,1398,6.33,0,41600,0,1340,3,2,2,18,79,3687,6,10
189,1795496001,2131,3.48,0,19100,0,212,4,37,17,256,6824,156400,92,165
190,16758145,2183,4.42,1,69800,0,470,51,5,0,18,114,3230,3,6
191,25006545,178,3.96,1,94200,0,3233,27,118,184,775,99,27300,88,223
192,145186620,2186,3.39,1,72200,0,378,3,12,9,44,1902,45700,24,15
193,326115,2002,3.55,0,72400,0,122,326,13,26,14,200,2189,10,4
194,40214206,2180,3.83,0,91000,0,77,81,2087,123,2557,10300,269000,181,1062
195,238547115,2186,3.83,1,80700,0,647,1336,62,15,171,768,5011,45,69
196,321490082,2186,3.55,1,28300,0,1007,7,25,9,554,703,14300,28,18
197,11758387,1828,3.79,0,94600,0,61,446,1158,106,1576,3337,70300,151,301
198,358719077,1345,5.44,1,8720,0,2306,0,0,0,117,135,15,0,0
199,5870073,2175,4.71,0,91600,0,584,2937,276,71,75,409,4307,29,5
200,92088168,2176,3.58,0,92300,0,1315,150,53,41,164,1944,28700,108,108
201,539833776,2186,6.24,1,64900,0,438,1,88,94,2055,362,49600,22,2
202,2528735,2177,3.79,0,97700,0,35,2670,2130,236,1981,4774,107000,205,162
203,942357,2186,6.8,0,67500,0,3583,0,38,16,265,762,3473,26,22
204,834635,2164,5.2,0,78500,0,42,83,4916,738,6012,21300,370700,518,6674
205,22383629,2169,4.08,0,30600,0,119,6,4,1,27,125,6078,9,21
206,666624001,2186,5.1,1,61500,0,1878,12,4,0,39,711,18400,116,105
207,13668314,2111,3.46,0,88300,0,934,0,238,158,396,1687,10700,96,64
208,22813930,2125,5.13,1,64300,0,226,15,81,39,804,5252,50000,46,141
209,109704610,2185,3.89,1,48600,0,1833,1124,187,82,29,698,7346,56,11
210,72238950,1996,3.56,0,84400,0,91,58,689,77,4047,5250,1014100,35,275
211,13479602,2183,4.73,1,47600,0,237,5,64,209,773,8490,178000,136,53
212,180765137,2183,4.38,1,62600,0,543,124,80,108,92,689,18000,75,26
213,2837536,2043,3.48,1,97700,0,135,0,543,131,973,3517,64800,162,284
214,382438063,2095,5.51,0,29000,0,491,2,1,1,8,85,6652,12,29
215,7374387,2181,4.65,1,69200,0,295,173,137,122,612,1184,16600,76,75
216,473015870,2186,6.88,0,33800,0,451,5193,1207,10,97,875,10300,37,10
217,474572699,2184,4.84,1,32500,0,431,12,21,38,520,456,29000,62,29
218,624871742,2184,3.54,1,23200,0,140,2,151,100,1773,8017,175799,90,73
219,19553445,2186,9.04,0,57400,0,3462,3930,227,92,666,985,17100,106,273
220,60026287,2186,5.63,0,74400,0,191,3,17,41,234,1738,41500,92,170
221,520080678,2181,3.98,0,62900,0,148,7,20,9,282,178,6768,15,6
222,397314344,2186,9.49,1,35600,0,425,1,42,18,670,13400,127600,35,257
223,26051764,2186,10.52,1,35600,0,974,0,0,0,1,6,171,1,0
224,8537538,2173,4.2,0,69400,0,448,319,22,2,164,491,1768,17,7
225,400332033,2173,3.62,0,68700,0,127,0,148,10,369,641,6976,27,36
226,1827331465,2186,4.49,0,58000,0,347,7,108,167,1953,5248,234800,259,292
227,25048847,2182,4.41,0,90600,0,158,37,5012,443,4470,22799,339200,561,2444
228,66629390,1192,3.95,1,44500,0,65,3439,38,7,24,591,3030,21,5
229,236870833,2170,4.97,1,80900,0,298,85,333,181,1988,4691,196400,185,320
230,33871112,2173,3.66,0,64200,0,482,94,145,17,297,1384,15200,77,107
231,478082943,2186,3.42,0,98400,0,753,722,344,224,164,1911,27900,76,32
232,49839041,2185,3.44,0,69900,0,1066,576,356,209,67,711,32400,88,136
233,482511054,2166,5.23,1,58900,0,79,21,154,109,791,3679,64300,142,391
234,455777640,2081,3.38,0,40100,0,0,0,1952,78,180,2599,16400,69,5
235,39772679,2003,4.67,1,43200,0,328,3,291,72,1149,1974,21800,54,64
236,226647508,2166,3.81,0,17800,0,333,0,6,1,47,112,6506,18,197
237,2068808,2183,3.97,1,15300,0,104,0,1160,170,10900,25299,151700,392,1666
238,481099232,2183,3.76,0,85900,0,144,248,114,39,630,1772,41800,132,135
239,19022637,2044,3.55,1,55500,0,137,78,1908,461,3183,17800,390200,634,1413
240,420689937,1519,3.45,0,50100,0,20,37,14400,474,5823,23100,288000,309,369
241,22065421,2178,3.32,0,47000,0,76,153,191,30,1886,1662,9513,54,34
242,106202329,2167,4.15,0,80200,0,160,219,20,1,11,106,1444,25,6
243,424144,2184,3.57,1,94400,0,313,323,3023,230,2915,9562,125000,384,2432
244,58664,2178,5.29,0,80000,0,1502,2798,39,65,14,165,1850,19,2
245,4990887,1902,5.2,0,89800,0,34,1618,43000,34900,25099,40300,312600,22400,6780
246,470629446,2096,7.44,0,93500,0,66,92,59800,5931,85700,105300,1665400,900,6840
247,28717712,2185,8.26,1,84400,0,392,26,153,168,1010,9352,310200,241,82
248,6597781,2186,4.18,0,88600,0,6279,69,0,0,2,32,151,1,0
249,22703426,2094,4.03,0,84800,0,2137,46,16,19,88,174,5579,34,28
250,15717030,2183,9.41,0,461400,1,702,1184,330,272,767,21900,399799,1237,1239
251,22430711,2180,12.55,0,427000,1,2535,194,35,94,442,700,34200,17,22
252,19432127,2187,9.62,0,190799,1,6627,15,6,4,19,184,3154,24,33
253,472102908,2163,9.63,0,492100,1,428,0,89,8,441,2852,35000,54,63
254,622863,2174,9.99,1,497500,1,294,1590,357,117,1791,2408,35100,64,50
255,1599822,2160,10.34,0,336500,1,135,653,5737,472,3897,19000,281300,1210,2711
256,8981370,2096,12.84,0,292800,1,77,3334,62699,5474,32700,115700,1475500,2816,24800
257,9275129,2180,10.14,1,420700,1,179,103,805,405,2414,2588,53700,188,544
258,25911961,2176,14.02,0,317100,1,199,394,1547,311,2617,12500,473700,350,1802
259,8827857,2181,15.5,0,380700,1,202,8711,765,588,1090,6953,114600,1005,204
260,12598849,2125,15.14,0,369799,1,96,160,178,10,124,1012,14100,33,18
261,411869738,2159,10.06,0,233800,1,63,171,8550,1057,11700,40800,512900,867,5899
262,13309001,2185,10.44,0,391200,1,156,0,132,21,999,8827,183700,99,140
263,271644025,2186,9.81,1,474799,1,211,727,849,36,3176,18900,91300,234,245
264,595506,2179,10.4,0,372299,1,540,311,332,43,2560,1651,38300,87,255
265,488734970,2186,13.7,1,367000,1,863,38,32,25,648,362,141100,14,4
266,13558933,2186,34.03,0,341800,1,2896,72,5,2,135,866,16100,20,138
267,67390259,2186,12.18,0,176100,1,1744,7705,384,296,152,1198,19800,236,34
268,1417,1216,11.79,0,232300,1,15,7684,66800,36400,37800,32100,1867100,14400,9035
269,6265316,2184,10.03,0,418400,1,3559,1180,35,43,53,489,17800,83,35
270,670456816,2185,9.41,1,171200,1,106,0,892,161,4838,11700,143200,236,3021
271,8536064,2186,11.06,0,267500,1,499,284,96,127,324,525,10700,34,7
272,392979,2172,10.45,0,247000,1,268,5923,981,184,948,2259,60900,328,268
273,2490227,2187,10.2,0,319400,1,9713,2863,60,123,26,423,15000,39,30
274,10949920,2181,10.02,0,482500,1,302,720,497,144,745,7472,65700,169,481
275,483246073,2186,35.12,0,363600,1,2277,28700,1248,499,218,5302,55000,180,34
276,12362451,2186,10.69,0,392600,1,644,1787,76,9,242,1261,5448,24,26
277,6927351,2173,13.21,1,358600,1,268,564,397,136,436,3112,41500,112,446
278,296426733,2182,10.36,0,497700,1,297,2422,72,23,25,664,5694,28,3
279,389295398,1898,10.21,1,335000,1,71,4737,2034,120,768,4582,68600,444,289
280,1867191,2180,10.61,0,454900,1,1105,831,49,10,27,726,2411,8,2
281,27664707,2174,12.67,0,418200,1,249,167,703,186,4504,7207,227800,107,631
282,301570,1933,9.84,0,433800,1,24,3179,12900,650,23000,26200,290900,532,1650
283,396643338,2178,10.63,1,368100,1,51,39,312,112,6720,26100,319500,333,305
284,13745285,2176,10.91,1,412800,1,109,264,2710,717,7178,16100,229300,269,417
285,13895395,2180,10.19,1,313400,1,454,3106,6335,931,1893,7368,49900,219,135
286,387636363,2175,10.89,1,466200,1,310,3717,2783,594,1225,9998,103300,591,380
287,7518140,2177,10.83,0,180900,1,104,114,56500,3769,51600,181200,2574000,1362,32000
288,42448991,2181,15.82,1,211400,1,154,110,4094,552,5380,48200,683400,480,502
289,394201823,2077,10.12,0,297800,1,51,258,6605,1090,9443,34600,467000,807,5172
290,470803890,2186,10.24,0,312700,1,1176,69,55,18,4820,730,353700,9,3
291,94834254,2186,10.52,0,380300,1,649,3627,1008,691,682,12100,174400,541,263
292,7304857,2174,10.92,0,432299,1,524,662,5295,416,4614,15700,237399,295,1415
293,33114953,2187,16.99,0,478600,1,13700,158,1,1,9,83,685,4,8
294,25974255,2153,11.53,0,436100,1,437,3428,1235,149,462,3300,30700,178,47
295,200833184,2106,11.52,1,149100,1,4851,136,31,49,178,1306,69800,269,287
296,16547335,1978,9.89,1,487400,1,52,1365,30600,1666,32100,50599,406900,1388,2996
297,427652006,2174,10.65,0,181900,1,102,85,16500,473,25200,60800,418600,551,3608
298,440454918,2174,10.08,0,349799,1,86,271,7688,457,8217,19000,210700,321,833
299,3368213,2180,14.85,0,342200,1,141,103,5837,1613,7078,60000,629600,644,1437
300,20303408,2171,12.98,0,210600,1,1712,2813,352,413,528,2014,16400,135,139
301,3360633,2182,9.91,0,407000,1,308,2691,2312,240,586,4902,58800,201,41
302,16968953,2185,12.4,0,236500,1,1387,0,119,19,200,1016,5066,44,31
303,10278125,1466,10.8,1,496300,1,32,2074,9891,978,10900,18100,376500,724,641
304,48421904,2153,9.73,0,370900,1,137,100,9146,397,4942,19700,216200,369,5085
305,6249909,2182,14.22,0,297300,1,96,505,13300,538,12200,59600,802400,489,2930
306,39662897,2183,9.47,0,467900,1,434,1678,55,272,207,2563,43600,77,73
307,13371339,2186,18.4,0,202300,1,612,11500,330,808,1075,16700,309100,511,381
308,11632773,2185,10.86,0,399000,1,192,233,1028,282,1776,15600,361599,242,733
309,2859372,2181,13.41,1,438200,1,323,4030,1434,1148,1175,5435,80000,783,409
310,406868,2170,10.23,0,306300,1,177,1236,1292,88,2157,8801,97200,159,590
311,346342151,2152,13.79,0,418300,1,201,3580,81500,2437,18300,102400,753900,1720,2991
312,4238285,2180,9.65,0,219000,1,615,5374,3317,559,610,3952,38000,193,34
313,7668570,2186,10.19,0,237800,1,4669,78,62,17,453,415,6836,30,80
314,35888636,2181,9.59,0,480500,1,98,323,4667,698,6950,41700,517800,291,1617
315,35167755,2187,10.4,0,319100,1,388,4537,364,312,82,1709,26100,83,34
316,2337891,2174,11.27,1,468700,1,257,1666,431,212,1311,2467,40000,83,76
317,4282930,2169,9.45,1,480300,1,276,1464,315,125,268,3566,32000,125,21
318,11133002,2186,12.64,0,429099,1,1532,2490,1772,307,645,4523,70000,136,107
319,630349613,2186,32.51,1,250300,1,3004,10,139,52,2126,8523,130700,265,2527
320,297153101,2177,10.64,0,467100,1,258,1604,336,274,784,2236,97000,158,141
321,64827416,2181,11.31,0,180200,1,145,96,23000,1818,32200,100200,1095000,1175,15800
322,132704,1922,9.85,0,496200,1,25,1789,80800,7788,36900,94200,1030200,4716,15900
323,7936287,2185,11.84,0,482700,1,152,1542,12600,1638,4407,20700,291800,1177,2241
324,165360675,2173,9.72,0,286200,1,577,3970,1105,280,139,1740,19200,121,26
325,316966244,2180,11.87,0,457500,1,366,83,252,40,2586,2479,70500,60,325
326,14519839,2164,30.79,0,107400,1,873,28700,43,53,50,1082,23600,157,123
327,30554651,2186,10.39,0,399200,1,688,411,1060,290,872,4462,101400,209,2324
328,27441982,2182,9.91,1,363500,1,340,518,1159,190,6729,7441,90500,171,164
329,2390163,2186,14.52,1,136300,1,446,305,734,138,1438,3061,79300,139,432
330,394071338,2146,10.52,0,466100,1,280,428,965,67,117,1837,15700,47,9
331,14141146,2186,10.63,0,354099,1,1198,514,393,294,247,6040,157200,339,162
332,15817819,2181,11.78,1,341300,1,177,3322,6748,616,7247,11399,145400,1034,1420
333,11978336,2186,12.59,1,210700,1,1948,25,1,0,5,60,769,3,4
334,14380285,2186,10.74,0,480100,1,1498,1087,44,39,27,702,8941,82,38
335,27501480,2173,9.87,0,251400,1,99,499,15700,982,26900,70700,562200,405,4021
336,101037051,2186,12.01,0,367200,1,1813,826,172,131,655,8978,281600,779,1828
337,125047879,2186,18.92,0,436700,1,726,5496,1101,1106,336,9081,174700,258,156
338,95667399,2182,11.04,0,180700,1,268,49,5202,595,16299,30500,458800,380,5348
339,6421869,2183,12.18,1,329099,1,120,542,14700,680,17300,73800,840400,984,10400
340,7873222,2185,9.43,0,213500,1,152,259,1796,538,2620,12000,216600,218,1133
341,401315430,2181,10.88,1,426000,1,260,3197,3131,424,1317,7604,101700,850,510
342,8564761,2180,9.52,1,432299,1,49,2405,887,974,2668,9498,145900,252,628
343,7514413,2164,12.1,0,263800,1,344,924,1685,252,1566,7346,101000,189,510
344,514273130,2186,12.72,0,400800,1,2090,2034,524,122,968,2060,18800,167,107
345,21096618,2153,9.77,0,426200,1,120,554,13700,506,28600,59500,504200,494,1861
346,583158574,2184,11.28,1,415000,1,304,2913,2311,325,422,6643,113000,226,178
347,30722154,2180,10.08,0,426100,1,680,51,271,218,1146,4780,64600,217,547
348,12691609,2083,9.67,1,380500,1,13600,47,15,7,192,263,11299,8,9
349,49688838,1583,10.77,0,173200,1,820,27,516,161,1526,3368,145200,63,2662
350,5878572,2172,13.12,0,282200,1,256,567,15100,563,19000,93300,861300,565,4045
351,327552140,2186,9.41,0,319200,1,309,3043,13100,2245,1237,21300,208800,585,225
352,308446,2104,20.99,0,182300,1,574,15000,156,42,126,1804,20299,62,228
353,281120100,2184,16.27,0,450100,1,56,67,527,194,2401,1850,54200,154,95
354,22781,1857,9.78,0,383100,1,317,3440,621,242,1220,4687,73400,173,129
355,65538469,2177,17.96,0,437000,1,574,911,256,346,589,11700,387299,951,8051
356,6881318,2179,12.94,1,483100,1,310,4616,3831,113,1626,4419,91700,293,75
357,7947131,2185,9.9,0,448200,1,739,2055,301,194,161,2300,45599,182,76
358,368912467,2158,17.72,0,470000,1,181,598,411,100,1997,3326,40500,66,157
359,7435683,2186,15.67,0,366500,1,359,774,634,57,1201,1885,21300,36,49
360,203655966,2139,10.4,0,424200,1,41,1001,53600,3330,71800,91700,1276000,3840,14400
361,36726929,2181,9.68,0,421900,1,307,2640,3734,2287,843,5984,105500,538,140
362,353495295,2181,11.88,1,483400,1,67,222,39400,2534,33300,60400,695100,2162,15400
363,259571179,2186,9.6,0,387000,1,909,680,3737,336,1472,11500,184100,466,659
364,36184593,2160,13.04,0,484000,1,144,348,4,0,15,23,591,1,0
365,451115073,2185,11.28,0,199500,1,36,78,7,1,15,59,2549,36,9
366,895617,2185,19.15,0,325800,1,1488,1352,172,10,1495,2899,21500,60,146
367,43830802,2116,13.52,0,345100,1,123,670,2997,156,5396,15400,169400,174,486
368,1657130577,2185,12.21,0,187200,1,260,0,17,1,195,365,6262,19,46
369,162151104,2186,12.7,1,210900,1,2827,0,33,34,351,983,19500,57,143
370,20247643,2167,13.57,0,476500,1,60,846,3616,421,6562,38100,283500,263,661
371,70744200,2184,14.05,0,497299,1,205,3319,5741,1765,7126,28600,423000,1546,2151
372,3904677,2177,9.74,1,421500,1,121,600,2208,213,12000,13300,194100,152,675
373,480363051,2186,14.98,0,300600,1,241,13,472,317,9267,4179,217800,109,18
374,466688,2186,9.92,0,330600,1,282,3529,1076,414,303,5262,69700,187,58
375,5465995,2173,11.04,0,291900,1,475,1108,412,31,126,845,12100,63,118
376,71596354,2174,15.02,0,280900,1,352,511,2996,648,5401,26100,345900,356,1894
377,384414527,2186,24.28,0,422000,1,1627,12100,828,139,65,2913,28300,96,30
378,5020289,2142,12.35,0,187800,1,1863,148,37,31,763,3451,100800,88,136
379,504672822,2182,14.53,0,168800,1,1582,0,480,1534,451,1574,86300,711,467
380,352248648,2186,11.67,0,426200,1,1009,297,457,99,96,1612,19700,128,53
381,458683,2174,17.2,0,146500,1,240,9,2,2,13,55,897,3,3
382,392991395,2174,9.89,0,494099,1,165,1730,9787,1756,3308,13200,211500,573,1623
383,175087044,2184,9.64,0,483600,1,200,358,247,200,323,2332,31800,74,31
384,228216115,2186,21.27,0,207000,1,11900,0,3,1,13,534,4423,36,14
385,148370754,2186,14.72,0,156800,1,857,11,43,29,360,317,17000,10,1
386,32187114,2181,10.23,0,349200,1,215,557,847,793,2258,15800,213100,785,509
387,5938236,2159,16.25,1,407900,1,185,157,1289,163,5997,41600,391000,156,1317
388,40006642,2184,14.44,0,484900,1,919,3114,1839,997,684,9542,136300,290,135
389,429765143,2184,16.64,1,283100,1,228,272,2213,336,5029,28900,616900,325,2283
390,238624419,2184,10.45,0,460000,1,493,1758,895,308,1452,5106,308000,278,107
391,206837580,2178,11.65,0,206200,1,982,3396,1387,592,428,2100,18700,217,85
392,123372,2179,9.99,0,280400,1,227,1852,927,21,1602,3940,26900,149,136
393,350905839,2182,10.45,0,450500,1,381,1028,688,197,1213,2326,61300,291,276
394,6159926,2175,11.93,0,439900,1,116,1176,68500,2182,36600,117100,1225800,2483,15300
395,797614,2186,30.67,0,459300,1,7638,486,96,5,886,1262,8142,116,147
396,137543719,2185,13.71,1,414200,1,5060,80,14,43,91,752,14600,190,499
397,1492,2180,19.4,0,494900,1,446,10000,2805,745,827,4793,71800,395,150
398,473888452,2185,9.99,0,495400,1,464,642,500,314,302,6381,196300,776,204
399,246534959,2116,10.66,0,460700,1,501,914,82,44,26,355,22599,166,14
400,518087629,2186,9.54,0,407500,1,688,51,28,16,195,4744,86900,88,15
401,456102,2183,11.81,1,361500,1,663,705,1,1,2,78,736,4,2
402,2587393,2166,10.02,0,429099,1,121,2421,2600,644,4826,9369,135900,541,301
403,37439823,2172,14.19,0,416400,1,106,183,32000,1349,35600,118900,1786900,665,6649
404,268941858,2186,9.94,0,421100,1,1883,934,149,135,116,3107,39800,119,22
405,6345879,2174,16.69,0,475500,1,128,7605,16400,2186,4943,21000,368600,1484,485
406,425642,2152,11.22,1,470100,1,227,3593,2425,313,1159,4260,39600,213,278
407,8194298,2179,11.78,1,239000,1,117,360,2349,536,6366,43900,817300,398,1169
408,306805,2109,16.53,0,423200,1,177,3640,8450,903,8764,17600,158600,447,1480
409,29382783,2169,11.92,0,410600,1,206,126,8928,606,9891,40500,357500,269,1266
410,6991087,2183,10.27,1,476800,1,267,1371,7422,425,7015,31300,231000,812,940
411,314216,2182,16.77,0,351000,1,297,10700,21300,22100,8902,18200,1154300,2175,1829
412,439004951,2170,29.9,0,462100,1,346,16600,3659,133,455,5720,90800,252,102
413,1323218982,2182,9.66,1,462100,1,129,180,836,124,7453,10500,133600,164,487
414,13899470,2186,15.94,0,420900,1,1541,208,3,16,7,93,638,2,1
415,2169841,2180,12.92,1,300900,1,209,251,3534,461,4765,15800,152400,260,478
416,191155958,2186,9.93,0,132000,1,466,5,109,60,1425,15700,480500,106,167
417,15161351,2102,9.51,0,409400,1,69,142,28200,698,21500,65800,697000,1118,4247
418,397211154,2163,10.62,0,429799,1,191,95,199,117,208,2093,19500,130,78
419,42230125,2154,16.01,1,208500,1,1133,74,359,260,1073,3302,29600,152,239
420,299291982,2186,12.68,0,317100,1,128,39,1106,268,3660,21600,250400,515,4818
421,224267770,2186,26.31,0,390000,1,3878,1224,85,28,425,2430,40100,202,1219
422,7594110,2185,11.56,0,341599,1,108,420,4461,234,4036,16400,214100,157,568
423,883724,2186,13.09,0,436200,1,357,3943,10200,1876,2620,14200,157600,570,164
424,746655,2107,14.83,0,204600,1,1568,7349,710,241,1024,3821,73800,304,291
425,101376123,2173,10.87,0,237600,1,196,533,6327,665,5887,25500,248000,424,1255
426,32912448,1720,13.14,0,394799,1,1225,65,85,31,368,918,25500,26,26
427,21123321,2174,10.66,1,428100,1,392,126,4186,585,11399,24300,294400,311,978
428,472503624,2184,9.88,0,233100,1,68,27,1286,220,8370,3860,79600,103,923
429,495054418,2183,9.62,1,497800,1,224,33,836,255,4018,39500,401400,265,580
430,228342,2165,9.57,0,496400,1,224,1687,413,118,179,1716,32800,81,123
431,223902,2187,26.19,0,477900,1,9642,1860,6,2,75,941,15600,42,55
432,3633594,2180,14.23,0,448100,1,246,1748,4373,555,2691,14500,152000,263,3060
433,98913792,2184,10.76,0,254800,1,91,284,4935,207,4123,15800,147100,326,858
434,7377735,2172,10.69,0,490600,1,233,1264,490,29,335,1444,13799,57,67
435,1706344,2169,13.61,0,462700,1,117,341,4512,556,10400,44900,787200,479,5870
436,334445736,2185,17.83,0,450800,1,1063,108,450,315,4523,8528,385300,573,231
437,7151101,2102,12.78,1,497800,1,183,2471,559,102,907,2446,78000,258,175
438,438345816,2180,17.95,0,387400,1,251,0,16400,367,1711,17700,55599,192,62
439,341368,2127,18.39,1,475600,1,134,5095,19000,910,19200,35900,418700,2088,3047
440,7753700,1601,15.88,0,313500,1,4519,1537,129,20,965,2949,75700,255,194
441,477132,2186,30.51,1,423100,1,34300,0,10,7,6,178,2134,8,2
442,228832527,2186,18.34,1,393400,1,3834,346,33,9,105,2127,8914,53,24
443,38347595,2174,16.37,0,427700,1,159,150,6214,386,7495,45500,471400,277,3706
444,84608345,2186,29.07,0,327000,1,3276,7,0,0,14,273,8021,12,11
445,473965081,2180,9.62,1,488600,1,110,1129,9482,657,5849,15200,211100,842,2875
446,454334802,2184,10.5,1,241100,1,39,14,59,66,81,412,16700,155,44
447,24919529,2165,10.39,0,494900,1,319,660,2935,2079,1127,10600,132400,659,270
448,5989059,2187,30.59,0,108000,1,6498,22700,11,0,141,181,1701,11,8
449,52001259,2095,11.89,0,433200,1,407,469,786,162,469,4331,90700,252,652
450,135229086,2185,10.52,0,171000,1,487,130,71,102,960,9306,174600,55,262
451,23513862,2181,27.1,0,443000,1,564,3867,2007,45,4763,9321,60700,396,367
452,26982531,2183,10.29,0,328500,1,818,2532,554,108,152,3145,79000,198,162
453,19600449,2186,9.48,0,333200,1,888,794,316,204,621,4096,55199,167,386
454,7086255,2180,12.86,1,366200,1,208,243,22599,624,36200,73200,467400,569,4775
455,20563366,2186,10.98,0,256100,1,124,2401,5457,166,5985,11200,94500,368,621
456,511982,2186,11.52,0,321200,1,1362,291,117,93,454,3960,64700,419,158
457,383326579,1901,12.55,0,354200,1,331,4726,27,44,28,451,9314,35,11
458,321426039,2186,15.29,0,295400,1,666,9,18,17,127,317,5797,27,6
459,440108353,2184,11.45,0,160400,1,292,3941,4230,164,375,4461,26500,146,106
460,277257,2174,11.81,0,404799,1,1793,1552,856,61,2565,11600,31100,89,186
461,34657253,2186,12.87,0,346300,1,372,186,1939,596,18600,5795,573900,158,39
462,23730666,2181,10.11,0,417000,1,479,286,534,392,613,6814,120100,712,520
463,515134806,2183,10.58,0,474099,1,83,0,1428,248,10900,20200,1412100,277,90
464,5504100,2115,18.34,0,469099,1,212,2637,3471,227,2943,7020,118000,320,417
465,503479504,2186,12.39,0,493400,1,841,103,128,2,1394,923,36600,22,170
466,20067185,2180,10.22,1,485300,1,206,742,1118,91,4586,7925,109300,189,196
467,33588706,2185,12.13,0,311800,1,1436,4193,204,227,81,2361,90100,704,697
468,52820678,2184,12.6,0,366400,1,219,7,30,10,617,1172,40599,31,32
469,2827946,1395,9.83,0,249300,1,79,470,8225,1214,10500,36900,515800,398,3768
470,402201406,2180,9.72,0,367700,1,280,2423,5529,1270,1556,11100,160700,498,649
471,16097105,2185,9.42,0,365000,1,383,2831,1091,93,175,3046,23800,67,19
472,2997430,2182,11.87,1,405900,1,286,133,362,124,8025,6844,187600,96,88
473,171356359,2185,12.52,0,457700,1,2561,2812,84,49,22,674,6222,30,5
474,14392124,2186,10.62,0,222399,1,2164,2104,116,223,227,3519,60300,114,51
475,298668059,2185,13.66,0,354400,1,3958,17,15,85,53,755,27900,263,167
476,15989779,2182,10.62,0,493800,1,746,1459,61,1,57,251,1472,17,5
477,93890857,2171,15.18,0,421000,1,125,862,13100,1031,9923,27400,304800,605,2425
478,364225566,1881,9.96,1,288000,1,678,1698,5027,994,3239,11399,97700,2041,634
479,25986282,2179,9.53,1,467200,1,233,981,1518,162,5176,26000,181500,303,1405
480,521738322,2149,10.01,0,477200,1,117,3562,38800,924,4880,77000,641400,1063,2106
481,232621216,2186,10.36,0,486200,1,181,70,1169,70,5837,14200,112600,232,614
482,11410668,2185,16.97,0,393200,1,230,151,1541,655,23100,5676,574500,155,69
483,1018133807,2181,10.29,0,498100,1,152,115,1256,509,2825,8659,217900,117,293
484,2084361,2182,9.68,0,462299,1,422,1585,253,177,520,2339,28900,52,92
485,289334440,2185,19.1,0,369400,1,2081,355,103,80,431,1758,29600,50,58
486,16754498,2183,11.16,0,481599,1,240,23,500,177,4928,77400,934599,426,473
487,2724095,2180,9.84,0,354600,1,74,440,4415,277,14600,50100,630400,200,882
488,281172076,2184,10.12,0,391900,1,185,53,3266,1118,11700,60000,755699,746,5306
489,402601058,2186,11.33,0,182000,1,877,54,76,14,341,3720,36900,61,16
490,35365051,2185,10.05,0,483100,1,77,1014,541,263,179,2250,33600,173,31
491,311671229,2173,10.99,0,470500,1,99,148,22500,1682,33900,111100,1135600,1282,17600
492,39112946,2186,15.5,0,399300,1,1604,121,94,115,67,757,38400,549,50
493,668273407,2181,16.84,0,254600,1,260,9868,450,16,71,948,5773,66,7
494,31596887,2180,10.54,0,157900,1,7872,136,67,7,347,350,19200,30,120
495,387086717,2171,11.53,0,239300,1,137,81,1387,339,6133,31200,409200,505,4446
496,654552,2186,9.46,0,219600,1,420,186,197,61,459,851,20700,44,5
497,277454080,2179,10.75,0,461100,1,208,142,1266,440,3762,85000,818100,921,3362
498,108635990,2186,10.5,0,265800,1,2384,3298,388,394,82,2709,56000,110,15
499,2776060,2182,12.86,0,235100,1,346,729,2089,150,3044,10900,135400,169,385
500,208130286,2185,16.71,0,833900,2,234,969,10600,4143,3107,24400,397600,1443,2352
501,501271968,2172,18.64,1,938500,2,152,1887,6822,239,2078,12200,200600,375,687
502,6997378,2183,23.14,1,953000,2,214,6897,5590,680,1999,16100,338100,1222,1376
503,410558000,2186,18.83,0,978500,2,995,703,108,112,394,4183,85600,363,583
504,693450094,2185,15.81,0,797800,2,73,1087,5376,930,4282,11800,363500,362,896
505,299732210,2184,22.79,0,810800,2,409,1200,12700,672,14300,32700,279100,434,4041
506,1950658,2183,19.54,1,947700,2,334,2172,2999,473,2822,14700,174200,459,519
507,19525533,2181,15.29,0,829400,2,298,1241,9131,2616,9129,48800,686200,676,787
508,3481012,2181,18.35,0,507800,2,132,8461,925,255,1350,4498,79000,186,92
509,2929582,2182,16.28,0,926800,2,380,1324,134,20,408,1124,13899,33,59
510,3295,2183,15.32,1,852300,2,577,0,1174,973,1151,4665,107700,151,138
511,268536810,2186,31.36,0,654599,2,20299,1834,7,34,13,355,23100,67,26
512,315846984,2180,14.94,0,817400,2,48,242,2492,859,6927,10100,279600,502,815
513,30707134,2181,15.07,0,743500,2,97,3,1763,184,1559,17900,186200,217,253
514,86439234,2185,16.5,0,939500,2,195,474,19900,2795,5929,51100,678300,996,2813
515,193482959,2186,20.07,0,714300,2,4074,3082,261,165,267,5145,43500,183,31
516,30502823,2185,20.25,1,582200,2,127,1143,39400,872,55599,136200,992800,1284,5262
517,1833524110,2176,15.97,1,969400,2,37,219,45199,2153,22500,161900,1732900,2709,7248
518,6528910,2184,15.82,0,776400,2,769,325,529,416,5849,8856,400400,155,277
519,2989565,2091,21.92,0,623400,2,132,2369,6360,361,7538,27000,374600,510,4363
520,93735099,2175,17.92,0,945699,2,315,59,1064,632,3561,74300,550100,293,1282
521,346059,2182,18.89,1,748500,2,359,3451,551,601,766,6183,119000,910,384
522,176756724,2182,25.1,0,706200,2,280,11299,13400,943,1633,15800,129200,360,207
523,13730996,2185,16.2,0,591700,2,651,7013,1396,1270,609,4316,120399,364,519
524,476706561,2184,16.49,1,902500,2,632,3523,2014,1171,1075,5216,94600,449,380
525,12799703,2186,35.24,0,915500,2,2418,462,86,636,282,8293,263800,1220,2041
526,24047117,2178,18.16,1,800300,2,158,4957,5384,312,3758,8181,316700,511,137
527,301940,2186,16.03,0,720500,2,208,4795,1932,1786,1081,3040,90700,223,297
528,37177491,2184,15.64,1,886400,2,57,917,10200,1512,16700,157100,1685400,2645,8875
529,96038238,2181,15.95,0,802600,2,134,2392,1998,221,6559,18100,201700,160,272
530,3969839,2185,15.46,0,857900,2,310,746,76,72,52,511,5112,20,6
531,15877140,2181,15.34,0,891400,2,449,0,293,100,872,5774,97899,306,75
532,17293251,2185,15.57,0,834599,2,691,574,382,715,1015,12200,139000,488,361
533,2948981,2133,16.27,0,899400,2,162,2121,1456,652,818,4699,79200,341,351
534,122575238,2182,15.46,0,709500,2,727,629,172,77,1387,4993,51900,111,45
535,167202533,2182,15.09,1,910300,2,543,1633,1192,754,1076,9094,205700,332,143
536,261485584,2180,16.68,0,976400,2,99,1167,24900,2966,9933,33500,540200,1495,4169
537,382666849,2185,16.12,0,879700,2,811,2018,346,510,199,5530,128699,367,118
538,41683,2183,18.44,0,862500,2,1032,304,71,11,422,645,21100,18,102
539,14520741,2180,16.82,1,743300,2,245,813,20700,2261,3830,32900,303300,1264,4336
540,2679304,2174,21.88,0,663199,2,234,3825,5980,401,4160,19700,292800,1883,2128
541,5191778,2172,17.15,0,907000,2,153,743,11800,445,5888,48500,304800,469,924
542,1666689045,2182,23.46,1,889800,2,131,414,3115,255,7980,54400,372299,420,3063
543,9064879,2184,21.39,1,921600,2,1349,8059,1444,1069,653,4359,89800,278,192
544,35579222,2183,21.42,1,789300,2,258,4405,7683,583,15000,27000,421599,595,936
545,755824,2181,21.18,0,970400,2,316,2019,17200,4734,11600,47900,480700,2375,2603
546,551188239,2185,15.36,1,614100,2,170,302,7760,2224,11200,52699,490500,2369,4552
547,291222529,2186,18.24,0,620500,2,436,18,190,104,2086,36600,382299,242,362
548,495695169,2186,16.46,0,775600,2,163,80,2566,623,3755,57300,715699,1375,1645
549,672353429,2180,21.17,1,568000,2,228,8748,6576,1090,3041,13700,106400,1036,3040
550,6065166,2122,19.52,0,849500,2,243,2699,16200,2709,4916,29600,487299,1496,3581
551,2072577982,2179,16.06,0,793300,2,123,988,11900,2300,3585,55900,1016500,1191,8913
552,7312984,2182,16.67,0,849300,2,116,51,839,77,6547,15800,91700,105,207
553,38829,2186,19.97,0,664500,2,2539,6867,76,4,42,432,8710,11,11
554,2065615514,2185,15.14,1,545800,2,248,94,65,89,373,476,26300,64,60
555,92561403,2185,15.29,1,856800,2,2515,555,140,175,360,3326,73900,206,57
556,82363089,2167,15.44,0,768400,2,150,234,2967,191,15100,18900,412299,808,584
557,432832670,2152,15.62,1,962800,2,213,555,3094,1514,1135,38500,482100,1878,711
558,382484510,2178,17.77,0,778100,2,75,230,14300,1444,59700,26100,542800,446,3156
559,332704117,1399,29.39,1,663900,2,29,12900,12300,1600,12300,29400,356100,13899,2090
560,6154152,2184,17.02,0,863100,2,217,2603,4911,913,968,12600,161500,463,488
561,2047074,2180,24.74,0,919100,2,272,145,1137,519,4059,45100,741200,325,1214
562,8096990,2181,14.95,0,871300,2,48,1494,8353,2318,5095,19300,454400,2011,1253
563,437957199,2173,16.58,0,940000,2,46,860,105200,5353,34300,85900,704300,2140,14800
564,320385037,2175,17.84,0,803400,2,134,10,1576,374,10400,139000,1216500,255,1309
565,37390043,2184,16.98,0,897600,2,333,825,134,78,253,1354,89800,145,46
566,23237718,2161,19.0,1,920699,2,53,736,17000,642,27599,85800,829900,1011,4154
567,9153331,2163,17.21,1,960400,2,101,1029,3889,187,17200,26200,566500,314,2032
568,624243924,2186,15.27,1,822500,2,118,0,3851,1162,4155,13100,171300,599,1112
569,64137054,2181,18.36,0,923400,2,1132,2073,571,310,295,3647,71400,273,261
570,8011552,2186,15.51,0,543600,2,1185,182,10,5,64,1206,51000,41,19
571,265578856,2163,16.34,1,922600,2,191,193,851,175,2793,5063,123100,144,271
572,1317550552,2185,17.11,0,825600,2,626,67,69,119,685,477,19100,42,19
573,11173348,2186,24.33,1,788600,2,1544,100,803,385,15400,16400,472600,145,347
574,32648420,2185,22.05,0,773300,2,1040,6029,1780,608,463,5307,66800,201,56
575,107130503,2181,17.55,0,899800,2,760,1704,1886,830,846,5422,101000,286,163
576,340273654,2186,20.08,0,743800,2,1047,2564,564,357,311,15100,193100,251,155
577,5563350,2156,21.15,1,561800,2,523,8599,1765,114,1235,8141,61500,286,86
578,400874343,2130,15.93,0,797500,2,91,89,658,306,4659,3167,40500,77,247
579,487215770,2185,15.36,0,656000,2,1028,1552,1070,314,153,5741,70900,192,46
580,440544870,2180,15.68,0,832600,2,112,1122,31900,3268,6984,53000,490400,1323,3000
581,22021477,2055,20.28,1,600100,2,20000,0,26,45,315,875,52200,63,20
582,73820664,2185,17.69,0,993500,2,229,168,599,323,387,8049,104300,128,95
583,380829248,2185,17.38,1,610600,2,759,5008,309,49,474,3713,26400,123,97
584,37607457,2156,18.11,0,886300,2,55,1164,237300,7132,66700,201700,2187500,2544,14300
585,157761,2184,18.59,0,775600,2,304,4803,11000,3126,3830,23600,361000,1533,914
586,11062819,2170,16.59,0,845900,2,153,1204,3526,1080,2011,11399,124600,303,218
587,30725416,2184,19.18,1,878700,2,286,299,1810,890,3043,73000,713000,1109,4527
588,2743119,2183,17.51,1,753300,2,311,1557,649,151,1347,4940,53800,132,65
589,222802531,2186,15.74,0,541400,2,2985,4774,162,647,49,1844,70200,157,39
590,385474,2177,25.32,0,987700,2,424,8396,1672,602,2046,10300,153400,224,192
591,362767725,2185,19.01,0,850300,2,1604,1562,792,399,293,5310,131600,357,93
592,428040854,2170,19.68,0,887099,2,296,2308,1834,889,740,13899,295200,894,937
593,81554471,2176,19.68,1,805300,2,316,0,770,215,2096,115300,1151900,620,840
594,7980111,2160,30.0,0,934300,2,245,2091,13799,1782,17400,87700,1007099,1133,6499
595,2058048,2181,14.98,0,855699,2,1716,1362,580,387,1414,4298,115500,124,78
596,172809260,2186,35.13,0,841500,2,869,286,651,123,3952,3216,96900,53,17
597,11255948,2185,20.24,0,552900,2,135,1308,31300,1040,35300,94900,933300,1167,3046
598,145750219,2183,15.82,0,607000,2,411,132,844,510,3454,28700,264900,336,320
599,7560829,2184,77.01,1,647700,2,2585,762,31,21,418,2102,57500,115,1705
600,353285789,2180,16.84,0,621300,2,283,110,14400,1728,10300,34100,526000,1108,841
601,457871303,2181,20.98,0,579700,2,380,0,1198,85,224,3076,56700,265,61
602,35734399,2186,15.67,1,809599,2,770,288,3213,1235,20299,24600,395700,200,82
603,18690024,2185,19.09,0,754800,2,102,717,9370,1300,9675,26300,299000,1378,3352
604,434334701,2181,18.75,1,974800,2,451,4857,1250,127,1120,6646,132800,602,1300
605,1424972,2185,15.85,0,650400,2,232,4293,250,63,654,3231,40599,248,74
606,21648772,2177,19.59,1,722900,2,339,2808,6948,316,12700,28900,288100,601,786
607,9902897,2184,17.01,1,928400,2,151,272,23500,2428,15700,42000,419700,2000,9039
608,492808243,2178,26.35,0,856000,2,158,11900,18200,5521,3694,32000,310900,1662,1803
609,2196632,2174,16.35,0,608700,2,402,3279,4793,366,2948,18500,157900,379,220
610,473177849,2185,27.83,0,669599,2,434,13200,8581,1446,1371,18300,251300,1500,464
611,419743655,2165,15.72,1,994800,2,99,0,7873,206,4692,14600,239000,795,1047
612,39242150,2182,15.22,1,941500,2,173,54,750,273,3221,58400,425800,413,1002
613,23995656,2128,16.01,1,942500,2,198,779,10000,3393,4106,28500,378500,1449,2810
614,904827,2185,22.44,0,609400,2,739,7828,782,252,817,5058,59900,502,96
615,701697448,2185,17.48,0,697500,2,242,0,86,92,637,10800,155000,104,40
616,341354077,2184,20.94,0,967500,2,232,420,7501,771,2554,74600,709400,871,3560
617,213826349,2185,20.01,0,869200,2,190,516,3638,392,3184,20200,345100,383,965
618,672346917,2179,20.64,1,578700,2,233,8965,6996,392,3116,15000,106400,943,621
619,15810,2185,19.61,0,552000,2,1085,9480,478,7319,308,2639,65300,257,124
620,10105229,2184,15.91,1,773000,2,244,590,1793,141,5305,25900,199700,402,1086
621,352001571,2184,19.59,0,796000,2,1902,600,576,793,202,3970,72700,315,153
622,27500557,2181,15.75,0,829100,2,484,213,847,254,2087,11700,185700,777,255
623,1381545,2184,17.72,0,985100,2,244,0,1379,97,1125,3703,51700,224,253
624,51766,2185,30.42,0,915300,2,178,1661,2622,122,3339,17500,137000,170,1318
625,549772707,2185,16.15,0,833800,2,204,0,744,177,5189,24500,696300,167,1048
626,18373961,2185,21.84,0,596600,2,393,52,662,385,11500,34900,570800,792,3362
627,40489639,2180,24.42,0,660900,2,313,611,11500,661,21400,82800,1102400,604,8383
628,183430,2186,17.77,0,971700,2,759,2976,851,601,252,4671,103900,251,77
629,91399769,2175,18.38,0,748300,2,164,3480,58000,5009,6029,65400,727099,3031,3700
630,534952028,2169,16.41,0,992900,2,106,60,4676,696,11200,82300,714100,313,528
631,7428971,2186,19.99,0,797000,2,388,3305,435,206,1507,9988,194000,175,343
632,9097604,2185,16.16,1,950100,2,401,314,292,884,1289,2294,51100,60,128
633,241679003,2164,15.42,0,753700,2,38,136,102700,8909,76100,306100,4387700,3972,52699
634,414442298,2185,15.57,0,824900,2,211,114,207,52,533,2232,38300,112,201
635,11643866,2186,18.1,0,637300,2,85,270,8151,1572,3914,43300,441599,1175,3818
636,4779837,2183,14.97,0,577100,2,169,1808,7266,106,8255,17700,169700,445,1572
637,2689967,2182,19.62,1,956000,2,197,3169,1607,173,3874,15100,187700,313,241
638,17901717,2185,20.26,1,825000,2,144,163,20,119,283,1117,48700,58,45
639,5460329,2180,14.95,0,874900,2,87,134,1178,353,6757,36900,658100,274,1061
640,406472610,2177,15.37,0,958700,2,315,720,2615,726,1616,12100,154400,362,252
641,431047137,2175,17.24,0,869200,2,139,1119,10000,562,2270,21800,202100,753,622
642,319274146,2186,16.93,0,686500,2,453,51,91,53,1253,21100,189300,131,149
643,454780088,2179,16.51,1,937500,2,68,289,17700,2688,6142,71100,694599,1495,1048
644,168094862,2181,16.92,0,693800,2,277,941,413,80,763,8607,105000,90,25
645,333020125,2186,15.66,0,799900,2,318,836,6259,1750,3835,31500,476500,505,471
646,6016626,2185,16.4,1,691400,2,1146,452,47,32,453,2850,86400,98,82
647,25480023,2184,15.62,0,722000,2,505,1352,5034,4507,3084,12200,274600,1190,960
648,19419058,1366,32.94,0,592400,2,2911,18000,171,104,112,3224,197100,345,90
649,2973198,2186,15.2,1,714400,2,1559,149,59,43,611,579,6026,13,9
650,50295692,2186,17.68,0,606400,2,817,441,572,134,686,19900,182500,323,515
651,245124971,2181,16.26,0,951700,2,65,141,3386,181,6334,35200,188299,582,1134
652,17588331,2150,18.15,0,957300,2,199,3319,1576,962,572,5699,120399,344,144
653,848008,2186,16.06,1,692900,2,286,828,981,116,5418,7218,89800,180,124
654,67618650,2185,32.73,0,539500,2,2765,304,267,1525,1441,3447,68300,226,192
655,11061327,2113,16.72,0,871500,2,316,618,1203,200,4422,9227,199400,203,755
656,490494088,2179,19.32,0,918100,2,360,601,888,1268,1718,15900,362500,796,697
657,35757240,2185,18.51,0,886200,2,114,370,4291,1131,3318,26500,386800,1389,2215
658,430044260,2186,17.42,0,855500,2,1124,405,80,71,287,10300,192600,162,50
659,1351379,2179,23.3,0,792800,2,276,7693,3331,528,2753,17700,243400,1256,1096
660,4397552,2184,26.85,1,809100,2,1610,8233,736,46,131,4872,22500,65,55
661,8581342,2185,18.66,1,905400,2,270,3387,1119,100,7463,10100,130500,144,367
662,77257482,2186,17.75,0,994100,2,658,406,325,394,704,3485,59600,100,23
663,1398957,2185,23.43,0,655300,2,182,756,3611,357,4396,21800,468200,471,2317
664,250610800,2186,19.43,0,933400,2,632,398,447,134,750,1007,12800,104,41
665,17425003,2186,15.54,0,541900,2,6259,1649,2703,977,7953,11600,404099,224,113
666,10901294,2184,15.07,0,619500,2,211,312,2696,548,916,8111,191300,782,1419
667,23326926,2176,15.42,0,984000,2,138,588,2925,556,3133,10000,242100,410,512
668,1740827542,2156,15.93,1,614000,2,36,239,15500,834,21500,117100,966200,1031,3242
669,689753,2186,18.46,0,520100,2,2035,2301,121,9,657,899,25700,46,31
670,1827922782,2174,15.59,1,809599,2,170,197,4963,476,9765,160200,1820500,821,4934
671,11423506,2180,16.01,1,819900,2,140,428,5569,384,3909,14000,156300,307,652
672,3451754,2186,17.7,0,660300,2,1365,892,329,141,276,18900,163800,135,101
673,193262326,2186,16.29,0,611500,2,1606,74,390,44,211,1586,40400,82,1038
674,1600113,2181,15.83,1,790699,2,270,1258,3371,238,15300,27300,362900,271,1195
675,36047134,2186,17.18,1,835600,2,272,3031,2947,759,3510,19700,237800,556,5514
676,672342685,2184,23.05,1,671600,2,213,9020,15300,1793,7378,23600,227300,4258,31400
677,353230307,2179,21.38,0,979300,2,600,141,432,238,9689,8307,556200,162,108
678,313824859,2185,16.12,0,780000,2,386,108,1683,466,1564,56200,704700,1062,3293
679,496783876,2169,24.0,0,865000,2,82,670,12500,491,14000,65300,563200,652,2657
680,273831140,2182,18.37,0,957900,2,222,467,8395,1486,2212,31100,442000,804,1362
681,301717426,2183,20.98,0,964800,2,436,2422,2091,376,1438,20600,380400,247,182
682,2629890,2186,15.38,0,902500,2,2941,296,97,947,284,959,64900,209,81
683,43976732,2177,16.13,0,678800,2,394,3706,4662,968,2058,10900,102000,260,238
684,19582984,2186,19.1,0,564900,2,150,896,3824,270,5223,34400,349900,138,774
685,325272035,2180,17.02,0,796500,2,398,817,17500,2787,6572,38200,1096900,1811,5140
686,8580108,2180,17.82,0,622800,2,135,1104,3265,171,5618,21100,129400,244,888
687,18841842,2183,17.18,1,651700,2,279,681,1556,148,7748,9876,167700,166,215
688,84130356,2181,23.52,0,915300,2,603,2204,15400,1183,7634,29500,322500,321,184
689,311864840,2186,16.31,0,529300,2,7450,1015,15,0,38,1019,16800,60,7
690,548824,2180,29.98,0,788100,2,501,1361,3317,228,4484,16700,179000,226,1865
691,82385070,1121,15.3,0,903900,2,205,0,6785,4742,2934,21300,393400,2027,562
692,97471052,2182,17.08,0,743700,2,2088,256,364,462,435,1478,22900,152,193
693,95256449,2178,15.16,0,690800,2,64,5383,1035,155,1168,1766,40500,170,102
694,1276787,2177,26.58,0,658100,2,358,15400,4829,2376,1876,7956,141800,882,607
695,51705359,2181,17.46,0,878900,2,92,5040,2185,696,1049,8665,235100,372,808
696,449773,2186,24.3,0,693700,2,7410,5974,43,37,24,1064,49300,179,34
697,38968617,2179,15.22,0,599200,2,29,97,31300,4120,78900,125200,2439500,1208,1045
698,33253839,2160,26.21,0,956500,2,659,2195,3509,610,5446,14600,329799,320,2529
699,374716732,1190,20.43,0,644000,2,401,8496,3591,918,405,13100,264700,899,137
700,27565758,2172,20.24,1,951400,2,161,2087,7697,532,10400,42600,594500,792,2433
701,8730238,1912,49.26,0,958700,2,246,29400,104300,18600,35600,97400,1189300,11500,3003
702,614801,1553,25.58,0,657900,2,64,14200,89900,69300,1122,16400,2536400,11800,945
703,1790040146,2182,16.54,0,943600,2,169,56,4708,424,5898,63400,345300,475,690
704,11605312,2174,17.09,1,811200,2,204,1100,2515,101,10500,12100,186500,190,338
705,12333557,2186,17.82,0,646600,2,1778,546,71,7,665,869,14800,28,80
706,8894149,2182,21.57,0,982200,2,228,386,6707,782,11700,51800,563500,444,4834
707,1747545839,2183,15.55,0,928700,2,126,17,1782,432,4946,125700,1067200,570,380
708,1241806378,2167,15.77,0,977099,2,64,835,22799,1702,10600,90200,866800,1461,6361
709,2009929,2185,18.63,1,842200,2,269,734,1714,223,9831,11000,152600,200,324
710,478281534,2182,17.18,0,710800,2,251,140,2437,553,14900,13700,646100,343,224
711,10664325,2181,18.34,0,967200,2,395,1704,15900,1699,3561,27400,387000,921,2340
712,10285240,2179,15.73,0,628200,2,178,80,576,93,3379,4180,58400,188,123
713,4564056,2186,16.75,0,548000,2,195,5313,3050,465,1437,6640,109800,440,159
714,151365295,2118,16.09,1,986700,2,110,271,6634,306,3163,19900,293400,304,500
715,375504219,1421,32.29,1,796500,2,481,14300,100399,4933,49400,89500,1263600,16400,14400
716,351515511,2185,18.55,0,552200,2,323,193,461,235,1824,14400,241000,160,895
717,7145647,2183,17.08,0,683600,2,432,2067,2039,877,937,22400,382600,1864,876
718,269353,2174,17.32,0,735200,2,452,5280,2566,1259,3609,13700,279900,1567,423
719,234782,2184,17.3,1,771500,2,437,2451,958,87,1276,3455,49900,122,146
720,393116415,2181,20.55,0,687600,2,655,4604,12300,4803,1044,25000,355200,1591,308
721,341024691,2186,19.42,0,537000,2,1759,88,225,28,5724,1364,489500,20,6
722,39630382,2184,18.95,1,891800,2,349,0,171,13,3490,1038,74000,31,228
723,69940927,2186,15.19,0,946200,2,738,430,977,231,982,6238,151400,108,158
724,4249401,2185,16.15,0,880800,2,227,2095,3095,2346,1435,11700,307700,1012,2231
725,921044,2186,15.4,1,862800,2,289,1864,1805,90,4392,5300,147400,223,141
726,29658682,2180,18.09,1,516200,2,57,454,4741,216,11900,26900,211200,317,601
727,99336697,2173,23.06,0,888199,2,307,2279,6205,2974,4064,40500,678000,2505,4936
728,101575318,2185,26.69,0,919200,2,604,591,237,165,709,5247,134900,76,336
729,12337738,2185,19.93,0,941700,2,120,4429,5678,1374,3494,16400,169500,454,352
730,388362147,2174,15.99,1,998300,2,131,1530,15400,2125,5270,31100,489500,1142,4000
731,489296007,2177,15.19,0,888300,2,153,1276,8365,1419,3155,85800,1229900,1016,2260
732,19526512,2115,17.49,0,788600,2,120,4303,3224,550,2923,13899,181100,274,261
733,211381797,2181,15.07,1,737099,2,428,372,1601,166,7267,10800,216700,181,616
734,1218286288,2156,15.65,0,993300,2,21,618,20099,3061,6174,71600,1184600,3060,17800
735,420182,2180,15.03,0,692600,2,330,1789,2068,206,2595,8042,244200,106,132
736,475250,2185,15.55,1,869300,2,99,1299,3395,122,14600,29300,340300,306,852
737,27513894,2186,15.6,1,542900,2,1152,3665,137,96,174,2790,31900,112,11
738,630327749,2181,16.0,1,765600,2,79,701,12000,776,5045,67500,566700,975,2507
739,5028996,2179,16.91,1,732900,2,231,1604,2130,296,9570,10800,188800,168,274
740,12434430,2185,21.63,0,949000,2,2361,2921,245,321,623,2673,56800,467,286
741,4835329,2177,18.76,0,931700,2,378,3266,2327,649,672,6593,92000,1345,516
742,742365,2181,15.47,0,931100,2,308,1016,2833,743,7168,26100,399900,407,602
743,19007306,2182,18.51,1,803100,2,422,146,591,164,1733,59200,648400,241,1399
744,173986740,2179,15.36,1,853100,2,169,572,35000,6270,11500,64200,780600,3296,8248
745,14546601,2179,15.67,0,690000,2,184,1436,9299,1763,5244,33500,368800,1386,1262
746,2539073,2150,16.78,1,811000,2,98,3984,4390,1894,2171,10800,254800,983,679
747,50366363,2186,18.26,0,956600,2,452,545,411,142,260,11100,182800,91,132
748,13101988,2154,17.03,0,635500,2,47,5874,49500,29700,24300,52699,718900,32500,37900
749,28053896,2181,15.73,0,821700,2,115,963,6499,1079,7866,39500,472800,305,319
750,1643718,2184,53.49,0,2623600,3,1332,11399,4953,1509,1626,15400,131200,565,428
751,453972,2181,33.77,1,1916500,3,170,3655,5755,2063,3164,16500,330700,2509,2193
752,588278127,2182,52.74,0,2607400,3,600,11000,5351,3280,1093,34400,761600,876,914
753,207346018,2183,55.22,0,3050899,3,554,1463,7546,1334,4691,63800,1250800,1220,8569
754,8578857,2185,43.0,0,2392600,3,1625,5414,683,585,306,4416,65600,198,86
755,2108856,2181,38.12,0,1746100,3,257,1011,10100,782,22900,123300,1372200,723,8272
756,13354765,2157,143.34,0,7703900,3,243,11600,53700,17800,27300,184899,2447800,2439,4046
757,777536,2182,211.87,0,6175599,3,383,66100,33000,7346,13300,79100,1406000,668,7424
758,11021614,2186,33.79,0,2148300,3,1212,1631,678,594,1066,2273,52100,186,135
759,1740850,2084,34.32,0,1361000,3,116,5640,26800,20000,25200,9114,681600,8535,10500
760,347667464,2173,70.96,0,3958200,3,239,3422,9712,865,24600,66300,1350300,1240,4918
761,1837617,2186,55.46,0,3293600,3,667,3852,6027,5015,4865,37600,547200,950,516
762,50621949,2176,32.54,0,1472700,3,843,3612,450,157,340,5190,95900,254,260
763,3032988,2178,56.16,1,3231900,3,434,4885,4153,1822,1964,32300,682600,565,2259
764,216025,2183,36.49,0,1498000,3,629,5923,4007,1942,2512,18400,238800,765,863
765,40427625,2167,66.07,0,2664200,3,67,507,43400,2999,130399,96199,1008900,1326,7960
766,16054375,2166,36.6,0,1105200,3,207,467,34100,1209,64400,143600,2439200,1010,13700
767,590201208,2180,34.31,0,1924900,3,115,34,3666,235,31300,109800,1260600,546,3850
768,25422790,2167,37.37,0,1196500,3,173,2946,18200,735,17700,130399,1429500,1315,6428
769,39737405,2186,57.52,0,3443600,3,313,6386,6832,1869,5449,14900,190100,605,713
770,11131476,2175,63.69,1,3206400,3,251,1491,10800,965,10100,107899,911800,1085,6003
771,16794231,2185,88.76,0,3887400,3,1495,14700,5469,1488,1127,27700,286500,635,446
772,472129071,2186,44.44,1,1847800,3,645,743,756,125,5978,7232,133000,150,777
773,11100920,2184,43.71,0,2155000,3,377,4955,10900,2878,2344,43800,675400,689,711
774,122879,2174,228.34,0,6809100,3,417,107200,15600,3631,5234,54500,1345900,2922,858
775,283036476,2183,47.74,0,2240400,3,296,544,9489,2782,19800,271700,2934000,2830,19800
776,38351330,2182,33.48,0,1715900,3,112,2335,5339,390,1409,19400,190500,738,1129
777,476704454,2185,72.81,0,3489800,3,526,4363,14000,2580,4922,70900,1036500,813,1761
778,7817472,2184,34.27,0,1451300,3,1049,1315,135,82,267,6795,77500,181,98
779,320491072,2182,36.62,1,1627600,3,384,4513,4766,630,3235,18900,377100,663,866
780,697166795,2185,56.45,0,1158600,3,238,32599,44200,11900,4497,54800,692700,2692,1619
781,472747194,2156,46.12,0,2821500,3,17,7046,214400,29800,79300,218900,2736100,9790,55100
782,394067394,2161,38.62,0,1497000,3,130,13600,4868,306,1131,16700,150200,409,269
783,37961599,2156,48.46,0,1562900,3,186,15100,126500,10400,30299,109500,1157200,3265,22500
784,121225592,2051,33.31,0,1882700,3,41,5271,55800,2815,11399,108800,1104600,1881,4845
785,216156027,2160,56.82,1,3341900,3,269,3334,11500,1444,16200,42400,723800,1128,5086
786,2403047,2181,80.29,0,3374400,3,504,12700,18500,1607,10200,39500,430700,855,3250
787,13279707,2179,32.56,0,1760900,3,143,411,13700,947,15800,90300,1111800,908,3569
788,423442,2160,47.73,0,1944800,3,386,5023,4954,308,6806,53900,449300,1302,687
789,1958342,2171,55.06,0,2268700,3,200,11100,93800,7590,29000,179300,2969700,5567,13200
790,1531707,2172,48.73,0,2689700,3,148,636,11399,1437,25500,35800,455300,641,3745
791,4408538,2180,41.87,0,2579500,3,182,5865,22100,2389,7952,33200,458600,897,1441
792,416128940,2181,46.4,0,2642799,3,167,2471,11100,3276,6745,59300,1291800,1011,1186
793,546195,2181,410.31,0,17979000,3,449,48400,106800,10200,60100,290100,2769800,4242,11299
794,40966108,2180,75.11,0,2781400,3,244,2962,13899,3082,12100,70200,945400,744,4282
795,381435385,2186,47.91,0,3060299,3,1587,2543,350,67,520,19500,267500,112,95
796,585267,2180,88.84,0,3428800,3,520,33800,62000,7614,15900,65300,773800,1427,3378
797,7349,2184,98.13,0,2085500,3,1123,39600,29100,5459,7974,49800,641900,1380,1636
798,106685726,2180,38.83,1,1967900,3,69,902,32400,5717,45400,118800,1453100,3136,17300
799,375375,2181,137.56,0,7130300,3,90,9834,311100,15800,186200,927900,7739000,10600,88300
800,2142762,2185,59.76,0,2933300,3,168,14000,944,837,375,6535,111900,327,209
801,13934589,2186,35.66,0,1335400,3,5083,9833,65,17,34,321,4779,33,7
802,14804670,2184,119.63,0,8086900,3,272,3388,12000,2659,10600,156500,1120500,1289,3575
803,390079112,2186,38.17,1,3022000,3,467,1099,319,303,156,3435,71500,117,62
804,662658732,2186,32.44,1,1440500,3,621,333,819,420,2107,78100,722099,661,885
805,434378423,2176,43.01,0,1865600,3,188,0,5967,372,26000,27100,462000,459,1229
806,9550310,2184,40.13,0,1567800,3,275,6939,1824,152,2366,5276,103900,287,236
807,125776535,2182,38.22,0,1543700,3,352,1249,6142,598,5646,39500,515300,599,6215
808,5970160,2180,195.79,0,8915500,3,281,17300,297200,54400,167600,602500,8832600,11000,25000
809,7552204,2174,93.77,0,4329800,3,295,5233,40000,7245,12300,128500,1749000,2172,5562
810,2920960,2173,93.09,0,4811600,3,247,11600,5125,2206,1710,40199,688199,733,1068
811,3046429,2180,60.74,1,2212800,3,351,12100,11399,426,10200,34500,493100,794,1546
812,34189415,2182,50.16,0,2458600,3,525,2022,5644,3879,2757,35400,755400,1757,2063
813,27756469,2103,32.02,0,1664600,3,25,2436,249300,6007,89700,357100,3272200,3622,40199
814,79061224,2184,78.8,0,4466100,3,769,4996,6135,7881,4348,46500,1000200,1716,2229
815,402576555,2185,56.21,1,3477100,3,207,3748,15900,2434,13100,141000,1718800,2641,3092
816,43645887,2183,32.52,0,1746900,3,1000,1720,94200,6211,40000,117000,1480800,4655,13100
817,7792521,2179,50.65,0,1878000,3,142,0,9144,433,14400,109000,899800,1009,7185
818,32820037,2185,73.06,1,4036800,3,475,8250,1258,1188,991,21000,282100,491,384
819,176037767,2062,122.95,0,7018000,3,472,15200,26200,10500,6773,153600,2147600,4470,3002
820,4537274,2141,52.16,1,1285500,3,4685,788,269,39,1445,2279,64600,72,248
821,3211302,2185,36.13,0,1051800,3,418,3179,4024,1242,8337,29500,350200,537,2260
822,8469526,2185,40.13,0,1448300,3,546,2675,5475,1427,4666,42500,364799,888,810
823,37754047,2185,36.29,1,1731900,3,121,4902,21800,1063,9373,37600,664000,1214,6083
824,62540916,2179,203.41,1,9601200,3,230,2014,16900,1886,13700,42300,590200,1372,2393
825,52250,2181,54.91,0,2821500,3,314,4446,5669,1434,7137,33500,847300,601,1113
826,29329085,2175,89.03,1,4748900,3,230,5562,35600,5049,8348,113699,1798400,2142,4232
827,946974,2185,96.17,0,5095600,3,540,7357,35900,6673,13000,83100,995200,2362,8350
828,10874201,2180,33.01,0,1959400,3,139,2321,9926,2283,8436,64100,688199,663,861
829,3380239,2167,58.07,0,2826100,3,160,3977,49900,4511,25400,132500,1745800,1995,14500
830,4162287,2173,138.4,1,5682300,3,328,36100,12300,3580,9463,30099,562100,846,3150
831,19642758,2181,81.3,0,3865000,3,414,5788,33000,7788,32400,154600,2672799,2193,11200
832,8047632,2155,208.86,0,3473399,3,101,123000,27500,8857,27700,72300,1693000,2092,12900
833,470156882,2182,38.34,0,2428900,3,96,994,5719,2650,3920,24900,815900,769,4980
834,396848107,2181,54.12,1,2894800,3,180,871,10300,5861,8495,49300,528100,3237,7472
835,3433092,2185,36.71,0,1816500,3,159,3809,61000,6247,19600,74400,787200,2099,9443
836,11742550,2181,64.49,0,1923100,3,401,2199,47699,1255,54600,109800,853199,867,10100
837,452309333,2185,39.5,0,1686300,3,508,3801,1927,319,821,12300,112400,265,134
838,26321770,2180,68.78,0,2191000,3,296,22900,16100,1339,5243,54800,533400,1423,1854
839,405370021,2186,54.98,0,2686900,3,612,3707,3060,1799,2616,74200,1318500,1101,659
840,11997177,2184,37.61,0,1483800,3,197,2032,11600,1128,10900,65700,578200,385,3640
841,75,2186,48.1,0,1130100,3,844,25099,1154,240,502,4833,79600,206,156
842,17546432,2174,43.53,0,2365800,3,307,2083,7097,729,11299,29900,578500,620,2351
843,34646754,2184,37.21,0,1730400,3,924,11500,303,119,231,7292,92100,123,121
844,17819768,2186,91.92,0,4767900,3,472,12600,21900,8748,5204,40400,750800,1377,2015
845,446430908,2167,33.74,0,1984800,3,70,568,47000,14400,37800,200600,2797900,3394,2906
846,321173469,2127,293.69,0,25783300,3,24,463,395,1090,236,7940,123800,1941,927
847,16671656,2186,47.86,1,2496900,3,310,3411,5641,706,11399,11600,230300,369,1765
848,2374194,2173,43.55,1,2261100,3,99,4690,9203,603,4674,16700,156800,475,2083
849,326246517,2182,44.29,0,2088800,3,211,7753,3062,1872,2929,13799,407400,1322,1869
850,198297,2132,37.16,1,1455400,3,1030,7046,9431,255,6879,36300,507600,2290,1369
851,431313625,2185,38.79,0,1379100,3,671,100,725,40,6977,25000,182600,330,2204
852,6075139,2148,44.8,0,2067500,3,192,7008,23000,739,15900,40400,417600,1184,3926
853,12394995,2186,43.0,0,1048199,3,2090,355,3158,433,945,14900,293800,301,269
854,604003146,2186,141.37,1,9302700,3,140,1023,1713,381,23400,8143,400100,241,2176
855,300722822,2179,38.05,0,2232900,3,37,9165,1217,1059,3200,2367,140000,680,798
856,94114029,2184,34.65,0,1996699,3,559,2049,2459,1125,1175,13600,264700,377,873
857,1691347,2181,35.22,1,2147800,3,1431,2743,2566,696,3530,23800,211700,477,171
858,116683,2129,90.35,1,4013900,3,134,20299,103200,4687,107200,312700,4623300,4342,25700
859,627888730,2181,69.93,0,3814500,3,84,3159,41900,1998,33900,254500,3370100,3845,11399
860,1858682,2185,34.26,0,1741300,3,203,647,7956,590,26700,35700,306200,829,3866
861,591856754,1807,40.05,0,2172300,3,85,1301,136900,3833,32599,301500,2729300,2886,5962
862,36081646,2146,42.4,1,2988700,3,117,0,5229,1525,4466,15400,121900,642,610
863,17171565,2185,48.51,0,2298200,3,1398,10100,3377,1072,1839,14200,403500,411,376
864,1372433,2184,33.74,0,2047400,3,109,647,23900,7604,8568,87100,1043100,1614,7560
865,390461123,2186,101.61,0,3725100,3,1009,27500,968,362,238,6671,146400,43,85
866,353539995,2173,71.71,0,4458100,3,168,3248,6705,1624,2207,46700,841100,848,1207
867,436473455,2178,38.01,1,3044400,3,156,0,3784,609,2532,16200,415000,521,615
868,15634833,2184,50.83,0,3117000,3,836,3025,8700,12200,16000,31800,967099,1027,580
869,369750017,2181,77.5,1,3596000,3,103,0,9101,3747,48000,23700,752000,1306,6478
870,19286458,2186,47.27,0,2151700,3,1783,2328,5472,966,1038,24000,365800,681,447
871,32365949,2186,43.28,0,1572900,3,2269,5462,331,543,280,7332,241900,288,501
872,26032219,2174,39.27,0,1740000,3,342,1492,14500,2223,48800,182100,3053399,793,1175
873,27218150,2177,62.97,0,3372799,3,703,4461,3252,4103,1947,22300,496300,790,3356
874,43536,2184,62.48,0,2530900,3,1124,22400,1670,1156,398,4781,48400,144,85
875,1605721,2183,45.94,0,2552400,3,151,4631,2034,299,15400,40800,1240300,196,803
876,13118294,2129,40.41,0,2608600,3,49,1736,16500,2408,7026,70400,829700,1768,1121
877,21837784,2185,97.86,0,5379500,3,646,7110,49100,9861,8531,84000,1183900,1976,2110
878,3913194,2160,46.21,0,2463100,3,63,3245,83800,21600,59900,285100,4878000,4933,7403
879,586789337,2184,36.19,0,2040600,3,237,2318,50199,5343,9097,101400,1426000,2771,18100
880,520155988,2159,56.48,0,3617799,3,98,3262,17500,3278,13799,44900,933600,1233,9780
881,178029850,2160,58.59,0,3509000,3,96,1322,72900,26300,57400,275300,4341800,4395,6759
882,113362335,2165,79.14,1,4245300,3,272,0,31100,6199,12000,163700,1872100,1570,6447
883,4474705,2089,56.89,0,3616400,3,163,4490,10700,2529,8348,109600,1552500,1303,3061
884,10462362,2186,68.02,0,2318700,3,1150,16800,12000,3570,2615,43099,1002099,1480,940
885,562197,2181,205.47,0,8318600,3,1561,34600,29800,6423,13300,83300,1054800,1762,2587
886,596324576,2173,34.05,0,1916900,3,183,1475,1067,51,661,9447,71300,141,109
887,52190805,2182,48.43,0,2221700,3,122,1300,282000,5485,53300,358400,3437500,1796,6437
888,386900246,2133,49.44,1,2019100,3,145,16700,3213,15400,2212,11500,70100,388,438
889,474702359,2180,42.77,0,2710000,3,139,1258,15100,2760,7607,111300,1274900,1985,6054
890,515993,2185,78.94,0,3043200,3,257,1824,12500,1077,17800,112600,1209400,941,8811
891,19456751,2173,32.39,0,1809000,3,396,5386,1122,125,603,4175,83699,162,97
892,388576777,2163,39.79,0,3201900,3,475,2540,436,149,670,1816,54800,212,131
893,448039667,2181,36.79,1,1797200,3,460,2055,6831,1012,3120,38000,588200,677,1844
894,927687,2181,35.22,0,1565400,3,1187,4495,6603,1688,11299,71000,871600,520,1924
895,63231,2181,138.33,0,4979200,3,254,34500,70800,11000,37200,176800,1989000,5292,8170
896,254463269,2096,78.26,0,4963100,3,128,3789,128100,43800,50100,303500,2933500,6863,19300
897,414336759,2164,57.85,0,2715200,3,100,6587,34400,17300,10400,137200,2238800,10100,13400
898,574115689,2186,33.47,0,1400400,3,1314,1527,884,132,388,6730,71100,263,124
899,473524263,2168,50.74,0,2665700,3,131,1692,84300,5323,50300,224600,2972300,1486,7744
900,927587,2182,223.62,0,9572400,3,1209,49400,98500,15100,18600,121100,1041100,3364,2071
901,9458053,1290,48.67,0,3146700,3,351,4632,7119,5208,4915,29200,531700,1840,3384
902,19584552,2175,33.37,0,2082400,3,212,0,6045,2067,6904,43800,780600,1185,2797
903,1565155,2184,75.5,0,3479500,3,1363,6268,5916,2125,1636,25800,580500,497,641
904,431073645,2183,72.47,0,3746000,3,739,5946,4459,618,4681,30600,593200,2251,1912
905,9008159,2180,84.33,1,3395700,3,289,18700,7848,618,3044,30700,317800,397,438
906,672328094,2181,48.39,1,1689900,3,256,21000,12900,751,6999,34600,343700,1986,2971
907,46708782,2182,54.94,0,2384600,3,387,3412,25500,3147,11600,72900,874300,702,2317
908,3562949,2186,38.42,1,1642400,3,3247,297,33,24,79,786,14000,18,27
909,398510,2128,49.16,0,1834300,3,70,9940,52400,1513,25200,92500,856400,1971,14100
910,339680732,2164,43.88,0,3105000,3,177,0,9533,1074,22500,73100,1268400,381,2903
911,6574487,1882,81.73,1,4173600,3,205,6536,20500,6069,7146,98500,1241200,2277,2227
912,477531206,2180,45.33,0,3266100,3,271,0,4119,3995,12500,87500,2227600,2040,4483
913,1140672573,2183,34.79,0,2133900,3,104,2240,32599,9528,11800,94000,1330200,2221,3085
914,321422126,2184,100.79,0,3384900,3,454,9046,42300,6294,19700,63200,735400,2652,2252
915,57863910,2185,86.73,0,4701000,3,2410,1243,567,835,878,13600,264300,1569,2170
916,67141499,2183,105.73,0,5545900,3,421,9382,79100,13600,18900,266000,2456100,3306,5087
917,20892823,2186,45.85,0,2400300,3,255,2347,7997,4307,13300,64600,963300,997,2322
918,16720403,2186,148.85,1,1436500,3,9095,480,666,720,2094,6599,92200,746,810
919,406745134,2175,32.61,0,1382500,3,340,2084,3882,2872,5037,20900,235100,483,1128
920,20259914,2059,32.5,0,2257800,3,50,1828,150300,6554,49400,154800,1750300,5381,33000
921,66607740,2141,71.56,0,4984500,3,42,11500,276,40,324,1940,51100,66,92
922,452606628,2185,41.84,0,1436100,3,247,4319,66600,6750,12800,131300,1552400,2645,6542
923,1577804,2176,174.91,0,7604800,3,324,22500,90700,14500,50900,178100,1697400,4046,14600
924,295711424,2061,36.01,0,2104600,3,125,3827,9435,2095,13400,57600,2028500,1466,1168
925,1773346,2184,67.47,0,4199800,3,117,5110,4079,678,2060,16700,560400,616,878
926,295723,2120,52.8,0,2252200,3,603,12900,2687,1124,1487,12200,207399,393,215
927,29296192,2182,53.73,0,2740000,3,436,3663,7352,5024,2122,37100,749800,1037,871
928,163637592,2152,192.19,0,10623300,3,46,18400,1673300,73600,499600,1778500,13349800,30299,144200
929,42870908,2184,64.07,0,3219400,3,807,1639,2357,2154,2293,33800,523800,522,805
930,33824345,2157,41.0,0,2580899,3,176,775,127800,9132,99200,440000,5616000,6103,22799
931,437316738,2117,85.55,0,3724800,3,288,6963,15200,1244,3811,73300,1010800,2344,1470
932,1869712375,2174,52.23,0,3351800,3,98,397,27700,6838,12200,251000,3270299,2557,12600
933,17561219,2184,34.04,1,2927900,3,469,9,94,19,49,2378,46000,47,59
934,15960317,2180,44.25,1,2603500,3,248,2203,7100,803,3777,22700,378500,915,592
935,11073,2101,93.13,1,3394200,3,267,30299,35800,2189,34500,85300,887200,2777,8415
936,6739643,2183,34.16,1,1814700,3,550,1402,2565,2566,2040,21800,430700,1130,1193
937,2206456,2165,146.14,0,6115000,3,227,29300,90500,24200,37900,205600,1670400,4712,9051
938,154021609,2177,45.06,0,2168900,3,504,3088,3475,4729,1629,30099,584000,1516,1175
939,617285,2181,59.36,0,2173500,3,373,13700,5662,2337,3165,24100,450900,1906,1444
940,430926487,2183,35.55,1,1710900,3,230,1391,5008,2376,2302,35200,495200,683,1780
941,5007752,2180,37.17,0,1472100,3,654,2284,12300,3258,10700,72500,1001800,820,2135
942,378885845,2185,43.6,0,2304100,3,376,1598,777,1026,1572,18400,305800,878,574
943,1467772,2180,34.25,1,1975100,3,336,5166,2551,572,2277,9093,69200,330,239
944,636571316,2186,37.41,0,1391100,3,481,0,402,103,3604,43099,339300,442,1198
945,37946996,2153,33.72,1,1839900,3,187,4854,569,74,166,2232,24700,55,26
946,3957971,2156,95.6,0,5533700,3,340,3680,10900,5011,8768,104200,1456900,1644,1479
947,9824766,2166,208.48,0,9433800,3,1198,20900,48900,6013,9995,150400,2032800,3141,5453
948,598464467,2152,40.95,0,2469900,3,38,1307,51200,6290,105900,201500,4241000,4195,12200
949,8960728,2184,113.55,0,7105599,3,482,3181,17400,1934,25700,86900,1442800,1005,14800
950,33683045,1380,63.73,0,4416200,3,412,5948,6728,5204,2295,34900,734100,1936,730
951,14890801,2182,34.78,0,1383500,3,1001,3478,10200,2426,7540,67200,849800,775,534
952,25910292,2179,36.61,0,2120600,3,698,1599,2295,4520,1645,15200,585300,1566,2243
953,2192108,2179,34.74,0,1206700,3,308,2903,12700,741,9033,48900,324799,553,3006
954,516314775,2175,53.64,0,3614100,3,125,281,1132,155,875,19800,180000,247,459
955,11164088,2186,56.56,0,1569300,3,375,785,3435,986,6641,49800,864000,346,3992
956,24478119,2180,38.98,1,2327100,3,303,2713,17600,1750,13100,143900,1679700,863,4302
957,1893045,2183,49.36,0,2443500,3,231,1992,9707,1371,31800,235700,2200800,778,12700
958,53456,2180,93.99,1,3780600,3,212,25800,135000,11900,86000,307200,2507400,5064,9291
959,2728123,2184,32.94,0,1472900,3,1457,6376,2911,755,1483,10600,152400,380,383
960,5374954,2174,40.27,0,1501600,3,226,1158,29200,903,38800,198900,2509100,1376,10700
961,32786875,1205,86.21,0,4132500,3,150,22500,341000,68100,79600,484000,6982800,55599,15400
962,928123,2186,367.81,0,5872400,3,20200,4492,1118,1543,8,1949,118300,376,0
963,5870268,2178,125.43,0,6132100,3,184,4368,45400,7818,16400,139500,1721500,3651,6578
964,416523954,2175,33.03,0,1927100,3,713,2217,2094,645,6529,15000,774800,183,120
965,168598,2178,160.16,0,6207500,3,795,37200,39500,14800,20500,71000,1002800,2420,4314
966,3353026,2167,48.73,0,2640400,3,135,1528,5459,1025,9996,50800,981600,815,560
967,285499073,2174,94.8,0,4574500,3,277,5168,29300,7249,11600,131400,1805800,1543,6188
968,262453663,2176,44.44,0,2808900,3,252,1386,7755,1789,21800,69000,771900,750,1698
969,7450650,2185,33.98,0,1885100,3,237,2874,8750,1819,6104,26900,464099,697,439
970,450595813,2128,53.0,1,2676900,3,160,555,7805,165,62000,44000,1062700,345,2643
971,808171,2181,75.51,0,2839600,3,657,11100,6157,768,1996,17400,263800,975,781
972,270105105,2185,34.7,0,1825000,3,159,1026,8966,1078,18800,35000,617000,695,2605
973,419872064,2184,63.42,0,3580000,3,524,1537,6558,1496,7520,29200,473800,726,2937
974,330415548,2172,74.79,0,4274800,3,362,4492,4566,1123,1174,25099,289600,549,412
975,23604445,2185,49.45,1,1890000,3,201,5524,7639,1958,2919,49900,902800,1759,3114
976,535019206,2180,35.82,0,1699100,3,228,0,1090,331,6679,56000,706000,350,3738
977,524704055,2185,49.3,0,3710000,3,321,777,4462,2467,2915,64900,969599,439,710
978,14583962,2182,77.35,0,4927300,3,95,6679,17900,8339,16500,68400,1317300,2578,3565
979,282994,2173,87.33,1,3272100,3,271,31900,14700,1067,9636,29200,223800,1509,1598
980,284120,2179,56.63,1,2099600,3,215,15300,9450,544,8770,25900,333400,959,1994
981,11253297,2181,41.14,1,2519200,3,277,0,3591,578,3665,30800,285900,765,1582
982,391679,1966,51.13,0,2653100,3,209,3922,14200,1192,11500,37600,433500,1113,6341
983,438173577,2186,49.17,0,2994700,3,680,3064,25299,4973,9821,58000,981700,583,20299
984,26240675,2181,66.18,0,2841700,3,735,5328,58400,6005,29400,102000,1137700,1370,2523
985,480366389,2169,81.55,0,1331800,3,145,49400,13300,521,1679,42500,237700,1021,466
986,1871001,2180,44.42,0,2534100,3,1477,3921,7921,874,3729,15900,217200,1253,1264
987,7788379,2181,124.3,0,7027100,3,288,3751,58900,5892,44800,173400,2767400,3583,15400
988,491593210,2181,38.84,0,1841100,3,224,1630,20600,2386,12500,40900,588900,1223,317
989,3127528,2186,64.8,0,2022400,3,364,2093,3392,749,9396,57200,627200,586,3640
990,1420982,2174,73.69,1,4313300,3,247,2475,64300,4355,14100,171300,2059900,1625,2250
991,1217628212,2183,45.37,1,2603399,3,171,0,2487,726,12200,96400,1659300,1050,1192
992,34044873,2186,49.01,1,1401699,3,1136,65,123,99,5026,929,34000,22,240
993,690748574,2186,35.19,0,1285200,3,828,13899,3698,102,322,7093,54600,209,142
994,404194769,2186,32.27,0,1060300,3,588,448,533,123,1021,15500,132000,253,88
995,1935882,2185,159.0,0,6857000,3,4862,22200,935,755,398,11900,151000,327,282
996,3682229,2183,45.94,0,1938200,3,1039,4947,5837,2708,3306,22000,410800,3034,4499
997,17239951,2183,33.31,0,1552400,3,654,231,3294,355,6118,83900,933700,818,2218
998,1838326986,2186,45.79,0,2946900,3,62,993,13799,4183,3340,116100,1108200,1065,1029
999,39627524,2180,51.48,0,2662200,3,427,4710,9053,3089,3383,33300,589200,897,3600
